Source,Date,Mean
GCAG,2016-05,0.8733
GISTEMP,2016-05,0.93
GCAG,2016-04,1.0735
GISTEMP,2016-04,1.09
GCAG,2016-03,1.2219
GISTEMP,2016-03,1.28
GCAG,2016-02,1.1976
GISTEMP,2016-02,1.33
GCAG,2016-01,1.0379
GISTEMP,2016-01,1.12
GCAG,2015-12,1.1153
GISTEMP,2015-12,1.09
GCAG,2015-11,0.9621
GISTEMP,2015-11,1.01
GCAG,2015-10,0.9853
GISTEMP,2015-10,1.06
GCAG,2015-09,0.9151
GISTEMP,2015-09,0.81
GCAG,2015-08,0.8663
GISTEMP,2015-08,0.77
GCAG,2015-07,0.8025
GISTEMP,2015-07,0.72
GCAG,2015-06,0.8737
GISTEMP,2015-06,0.77
GCAG,2015-05,0.8515
GISTEMP,2015-05,0.78
GCAG,2015-04,0.7707
GISTEMP,2015-04,0.73
GCAG,2015-03,0.8928
GISTEMP,2015-03,0.9
GCAG,2015-02,0.8810
GISTEMP,2015-02,0.87
GCAG,2015-01,0.8147
GISTEMP,2015-01,0.81
GCAG,2014-12,0.8258
GISTEMP,2014-12,0.78
GCAG,2014-11,0.6838
GISTEMP,2014-11,0.68
GCAG,2014-10,0.7767
GISTEMP,2014-10,0.85
GCAG,2014-09,0.7793
GISTEMP,2014-09,0.9
GCAG,2014-08,0.7874
GISTEMP,2014-08,0.81
GCAG,2014-07,0.6871
GISTEMP,2014-07,0.57
GCAG,2014-06,0.7527
GISTEMP,2014-06,0.65
GCAG,2014-05,0.7864
GISTEMP,2014-05,0.86
GCAG,2014-04,0.7949
GISTEMP,2014-04,0.78
GCAG,2014-03,0.7659
GISTEMP,2014-03,0.76
GCAG,2014-02,0.4764
GISTEMP,2014-02,0.5
GCAG,2014-01,0.6881
GISTEMP,2014-01,0.73
GCAG,2013-12,0.6921
GISTEMP,2013-12,0.66
GCAG,2013-11,0.8191
GISTEMP,2013-11,0.8
GCAG,2013-10,0.6703
GISTEMP,2013-10,0.69
GCAG,2013-09,0.6763
GISTEMP,2013-09,0.76
GCAG,2013-08,0.6569
GISTEMP,2013-08,0.65
GCAG,2013-07,0.6590
GISTEMP,2013-07,0.58
GCAG,2013-06,0.6752
GISTEMP,2013-06,0.65
GCAG,2013-05,0.7051
GISTEMP,2013-05,0.61
GCAG,2013-04,0.5544
GISTEMP,2013-04,0.52
GCAG,2013-03,0.6059
GISTEMP,2013-03,0.65
GCAG,2013-02,0.6242
GISTEMP,2013-02,0.56
GCAG,2013-01,0.5751
GISTEMP,2013-01,0.66
GCAG,2012-12,0.4540
GISTEMP,2012-12,0.51
GCAG,2012-11,0.6999
GISTEMP,2012-11,0.74
GCAG,2012-10,0.6930
GISTEMP,2012-10,0.78
GCAG,2012-09,0.7134
GISTEMP,2012-09,0.75
GCAG,2012-08,0.6596
GISTEMP,2012-08,0.63
GCAG,2012-07,0.6790
GISTEMP,2012-07,0.56
GCAG,2012-06,0.6953
GISTEMP,2012-06,0.61
GCAG,2012-05,0.7134
GISTEMP,2012-05,0.76
GCAG,2012-04,0.7241
GISTEMP,2012-04,0.68
GCAG,2012-03,0.5169
GISTEMP,2012-03,0.57
GCAG,2012-02,0.4187
GISTEMP,2012-02,0.48
GCAG,2012-01,0.4153
GISTEMP,2012-01,0.45
GCAG,2011-12,0.5405
GISTEMP,2011-12,0.53
GCAG,2011-11,0.4786
GISTEMP,2011-11,0.55
GCAG,2011-10,0.6287
GISTEMP,2011-10,0.66
GCAG,2011-09,0.5904
GISTEMP,2011-09,0.55
GCAG,2011-08,0.6063
GISTEMP,2011-08,0.72
GCAG,2011-07,0.6210
GISTEMP,2011-07,0.74
GCAG,2011-06,0.6375
GISTEMP,2011-06,0.58
GCAG,2011-05,0.5674
GISTEMP,2011-05,0.52
GCAG,2011-04,0.6459
GISTEMP,2011-04,0.64
GCAG,2011-03,0.5850
GISTEMP,2011-03,0.63
GCAG,2011-02,0.4881
GISTEMP,2011-02,0.5
GCAG,2011-01,0.4616
GISTEMP,2011-01,0.5
GCAG,2010-12,0.4788
GISTEMP,2010-12,0.48
GCAG,2010-11,0.7642
GISTEMP,2010-11,0.79
GCAG,2010-10,0.6185
GISTEMP,2010-10,0.7
GCAG,2010-09,0.5641
GISTEMP,2010-09,0.61
GCAG,2010-08,0.6503
GISTEMP,2010-08,0.64
GCAG,2010-07,0.7210
GISTEMP,2010-07,0.61
GCAG,2010-06,0.7262
GISTEMP,2010-06,0.64
GCAG,2010-05,0.7539
GISTEMP,2010-05,0.74
GCAG,2010-04,0.8237
GISTEMP,2010-04,0.86
GCAG,2010-03,0.8403
GISTEMP,2010-03,0.91
GCAG,2010-02,0.7057
GISTEMP,2010-02,0.78
GCAG,2010-01,0.6979
GISTEMP,2010-01,0.73
GCAG,2009-12,0.6089
GISTEMP,2009-12,0.64
GCAG,2009-11,0.6648
GISTEMP,2009-11,0.77
GCAG,2009-10,0.6367
GISTEMP,2009-10,0.64
GCAG,2009-09,0.7006
GISTEMP,2009-09,0.69
GCAG,2009-08,0.6891
GISTEMP,2009-08,0.66
GCAG,2009-07,0.6327
GISTEMP,2009-07,0.71
GCAG,2009-06,0.6645
GISTEMP,2009-06,0.64
GCAG,2009-05,0.5802
GISTEMP,2009-05,0.63
GCAG,2009-04,0.6460
GISTEMP,2009-04,0.6
GCAG,2009-03,0.5729
GISTEMP,2009-03,0.52
GCAG,2009-02,0.5613
GISTEMP,2009-02,0.53
GCAG,2009-01,0.5866
GISTEMP,2009-01,0.6
GCAG,2008-12,0.5555
GISTEMP,2008-12,0.53
GCAG,2008-11,0.6621
GISTEMP,2008-11,0.66
GCAG,2008-10,0.6605
GISTEMP,2008-10,0.66
GCAG,2008-09,0.5231
GISTEMP,2008-09,0.64
GCAG,2008-08,0.5489
GISTEMP,2008-08,0.43
GCAG,2008-07,0.5699
GISTEMP,2008-07,0.6
GCAG,2008-06,0.5242
GISTEMP,2008-06,0.47
GCAG,2008-05,0.4938
GISTEMP,2008-05,0.5
GCAG,2008-04,0.4767
GISTEMP,2008-04,0.52
GCAG,2008-03,0.7576
GISTEMP,2008-03,0.73
GCAG,2008-02,0.3740
GISTEMP,2008-02,0.35
GCAG,2008-01,0.2682
GISTEMP,2008-01,0.25
GCAG,2007-12,0.4797
GISTEMP,2007-12,0.48
GCAG,2007-11,0.5125
GISTEMP,2007-11,0.57
GCAG,2007-10,0.5603
GISTEMP,2007-10,0.59
GCAG,2007-09,0.5715
GISTEMP,2007-09,0.64
GCAG,2007-08,0.5444
GISTEMP,2007-08,0.6
GCAG,2007-07,0.5241
GISTEMP,2007-07,0.61
GCAG,2007-06,0.5308
GISTEMP,2007-06,0.57
GCAG,2007-05,0.6040
GISTEMP,2007-05,0.67
GCAG,2007-04,0.7318
GISTEMP,2007-04,0.75
GCAG,2007-03,0.6635
GISTEMP,2007-03,0.71
GCAG,2007-02,0.6586
GISTEMP,2007-02,0.69
GCAG,2007-01,0.8772
GISTEMP,2007-01,0.96
GCAG,2006-12,0.7621
GISTEMP,2006-12,0.77
GCAG,2006-11,0.6393
GISTEMP,2006-11,0.72
GCAG,2006-10,0.6752
GISTEMP,2006-10,0.69
GCAG,2006-09,0.6257
GISTEMP,2006-09,0.64
GCAG,2006-08,0.6172
GISTEMP,2006-08,0.71
GCAG,2006-07,0.6134
GISTEMP,2006-07,0.54
GCAG,2006-06,0.6308
GISTEMP,2006-06,0.63
GCAG,2006-05,0.5465
GISTEMP,2006-05,0.47
GCAG,2006-04,0.5144
GISTEMP,2006-04,0.49
GCAG,2006-03,0.5924
GISTEMP,2006-03,0.62
GCAG,2006-02,0.6199
GISTEMP,2006-02,0.71
GCAG,2006-01,0.4584
GISTEMP,2006-01,0.56
GCAG,2005-12,0.6180
GISTEMP,2005-12,0.67
GCAG,2005-11,0.7215
GISTEMP,2005-11,0.75
GCAG,2005-10,0.6868
GISTEMP,2005-10,0.79
GCAG,2005-09,0.6814
GISTEMP,2005-09,0.76
GCAG,2005-08,0.6177
GISTEMP,2005-08,0.62
GCAG,2005-07,0.6516
GISTEMP,2005-07,0.65
GCAG,2005-06,0.6650
GISTEMP,2005-06,0.65
GCAG,2005-05,0.6525
GISTEMP,2005-05,0.64
GCAG,2005-04,0.7255
GISTEMP,2005-04,0.68
GCAG,2005-03,0.6885
GISTEMP,2005-03,0.69
GCAG,2005-02,0.5119
GISTEMP,2005-02,0.57
GCAG,2005-01,0.6207
GISTEMP,2005-01,0.71
GCAG,2004-12,0.5060
GISTEMP,2004-12,0.51
GCAG,2004-11,0.7545
GISTEMP,2004-11,0.72
GCAG,2004-10,0.6125
GISTEMP,2004-10,0.65
GCAG,2004-09,0.5260
GISTEMP,2004-09,0.52
GCAG,2004-08,0.5091
GISTEMP,2004-08,0.44
GCAG,2004-07,0.4761
GISTEMP,2004-07,0.26
GCAG,2004-06,0.4651
GISTEMP,2004-06,0.42
GCAG,2004-05,0.4412
GISTEMP,2004-05,0.41
GCAG,2004-04,0.5895
GISTEMP,2004-04,0.62
GCAG,2004-03,0.6945
GISTEMP,2004-03,0.65
GCAG,2004-02,0.7179
GISTEMP,2004-02,0.69
GCAG,2004-01,0.5924
GISTEMP,2004-01,0.57
GCAG,2003-12,0.7320
GISTEMP,2003-12,0.73
GCAG,2003-11,0.5730
GISTEMP,2003-11,0.54
GCAG,2003-10,0.7220
GISTEMP,2003-10,0.75
GCAG,2003-09,0.6346
GISTEMP,2003-09,0.65
GCAG,2003-08,0.6157
GISTEMP,2003-08,0.65
GCAG,2003-07,0.5365
GISTEMP,2003-07,0.54
GCAG,2003-06,0.5357
GISTEMP,2003-06,0.48
GCAG,2003-05,0.5916
GISTEMP,2003-05,0.62
GCAG,2003-04,0.5565
GISTEMP,2003-04,0.54
GCAG,2003-03,0.5654
GISTEMP,2003-03,0.57
GCAG,2003-02,0.5604
GISTEMP,2003-02,0.54
GCAG,2003-01,0.6869
GISTEMP,2003-01,0.72
GCAG,2002-12,0.4333
GISTEMP,2002-12,0.41
GCAG,2002-11,0.5871
GISTEMP,2002-11,0.59
GCAG,2002-10,0.4736
GISTEMP,2002-10,0.56
GCAG,2002-09,0.5640
GISTEMP,2002-09,0.64
GCAG,2002-08,0.5305
GISTEMP,2002-08,0.54
GCAG,2002-07,0.6174
GISTEMP,2002-07,0.6
GCAG,2002-06,0.5831
GISTEMP,2002-06,0.54
GCAG,2002-05,0.5581
GISTEMP,2002-05,0.64
GCAG,2002-04,0.5667
GISTEMP,2002-04,0.58
GCAG,2002-03,0.7857
GISTEMP,2002-03,0.9
GCAG,2002-02,0.7794
GISTEMP,2002-02,0.75
GCAG,2002-01,0.6975
GISTEMP,2002-01,0.74
GCAG,2001-12,0.5074
GISTEMP,2001-12,0.54
GCAG,2001-11,0.6824
GISTEMP,2001-11,0.69
GCAG,2001-10,0.4956
GISTEMP,2001-10,0.52
GCAG,2001-09,0.5001
GISTEMP,2001-09,0.55
GCAG,2001-08,0.5973
GISTEMP,2001-08,0.49
GCAG,2001-07,0.5534
GISTEMP,2001-07,0.6
GCAG,2001-06,0.5308
GISTEMP,2001-06,0.54
GCAG,2001-05,0.5950
GISTEMP,2001-05,0.59
GCAG,2001-04,0.5623
GISTEMP,2001-04,0.51
GCAG,2001-03,0.6265
GISTEMP,2001-03,0.57
GCAG,2001-02,0.3904
GISTEMP,2001-02,0.46
GCAG,2001-01,0.4702
GISTEMP,2001-01,0.44
GCAG,2000-12,0.3154
GISTEMP,2000-12,0.3
GCAG,2000-11,0.2557
GISTEMP,2000-11,0.33
GCAG,2000-10,0.2999
GISTEMP,2000-10,0.29
GCAG,2000-09,0.4311
GISTEMP,2000-09,0.43
GCAG,2000-08,0.4508
GISTEMP,2000-08,0.42
GCAG,2000-07,0.3906
GISTEMP,2000-07,0.42
GCAG,2000-06,0.4046
GISTEMP,2000-06,0.43
GCAG,2000-05,0.4635
GISTEMP,2000-05,0.39
GCAG,2000-04,0.6268
GISTEMP,2000-04,0.59
GCAG,2000-03,0.5536
GISTEMP,2000-03,0.59
GCAG,2000-02,0.5405
GISTEMP,2000-02,0.58
GCAG,2000-01,0.3412
GISTEMP,2000-01,0.26
GCAG,1999-12,0.5748
GISTEMP,1999-12,0.47
GCAG,1999-11,0.3644
GISTEMP,1999-11,0.4
GCAG,1999-10,0.3720
GISTEMP,1999-10,0.43
GCAG,1999-09,0.3952
GISTEMP,1999-09,0.43
GCAG,1999-08,0.3638
GISTEMP,1999-08,0.34
GCAG,1999-07,0.3975
GISTEMP,1999-07,0.41
GCAG,1999-06,0.4150
GISTEMP,1999-06,0.37
GCAG,1999-05,0.4043
GISTEMP,1999-05,0.32
GCAG,1999-04,0.4537
GISTEMP,1999-04,0.33
GCAG,1999-03,0.3684
GISTEMP,1999-03,0.33
GCAG,1999-02,0.6696
GISTEMP,1999-02,0.67
GCAG,1999-01,0.4981
GISTEMP,1999-01,0.48
GCAG,1998-12,0.5775
GISTEMP,1998-12,0.57
GCAG,1998-11,0.4086
GISTEMP,1998-11,0.49
GCAG,1998-10,0.4913
GISTEMP,1998-10,0.46
GCAG,1998-09,0.5238
GISTEMP,1998-09,0.45
GCAG,1998-08,0.6768
GISTEMP,1998-08,0.67
GCAG,1998-07,0.7304
GISTEMP,1998-07,0.7
GCAG,1998-06,0.6641
GISTEMP,1998-06,0.77
GCAG,1998-05,0.6645
GISTEMP,1998-05,0.71
GCAG,1998-04,0.7305
GISTEMP,1998-04,0.63
GCAG,1998-03,0.6360
GISTEMP,1998-03,0.61
GCAG,1998-02,0.8610
GISTEMP,1998-02,0.88
GCAG,1998-01,0.6016
GISTEMP,1998-01,0.6
GCAG,1997-12,0.6266
GISTEMP,1997-12,0.59
GCAG,1997-11,0.5821
GISTEMP,1997-11,0.65
GCAG,1997-10,0.6413
GISTEMP,1997-10,0.65
GCAG,1997-09,0.6199
GISTEMP,1997-09,0.55
GCAG,1997-08,0.5394
GISTEMP,1997-08,0.42
GCAG,1997-07,0.5045
GISTEMP,1997-07,0.36
GCAG,1997-06,0.5287
GISTEMP,1997-06,0.54
GCAG,1997-05,0.4170
GISTEMP,1997-05,0.38
GCAG,1997-04,0.4502
GISTEMP,1997-04,0.36
GCAG,1997-03,0.4583
GISTEMP,1997-03,0.5
GCAG,1997-02,0.4251
GISTEMP,1997-02,0.37
GCAG,1997-01,0.3714
GISTEMP,1997-01,0.32
GCAG,1996-12,0.3845
GISTEMP,1996-12,0.4
GCAG,1996-11,0.2780
GISTEMP,1996-11,0.4
GCAG,1996-10,0.2221
GISTEMP,1996-10,0.2
GCAG,1996-09,0.2602
GISTEMP,1996-09,0.26
GCAG,1996-08,0.3132
GISTEMP,1996-08,0.48
GCAG,1996-07,0.3194
GISTEMP,1996-07,0.35
GCAG,1996-06,0.3493
GISTEMP,1996-06,0.26
GCAG,1996-05,0.3869
GISTEMP,1996-05,0.29
GCAG,1996-04,0.2682
GISTEMP,1996-04,0.36
GCAG,1996-03,0.3219
GISTEMP,1996-03,0.34
GCAG,1996-02,0.4531
GISTEMP,1996-02,0.48
GCAG,1996-01,0.2584
GISTEMP,1996-01,0.27
GCAG,1995-12,0.3421
GISTEMP,1995-12,0.29
GCAG,1995-11,0.4482
GISTEMP,1995-11,0.44
GCAG,1995-10,0.4316
GISTEMP,1995-10,0.48
GCAG,1995-09,0.3813
GISTEMP,1995-09,0.34
GCAG,1995-08,0.4975
GISTEMP,1995-08,0.48
GCAG,1995-07,0.4232
GISTEMP,1995-07,0.48
GCAG,1995-06,0.4613
GISTEMP,1995-06,0.44
GCAG,1995-05,0.3509
GISTEMP,1995-05,0.28
GCAG,1995-04,0.4053
GISTEMP,1995-04,0.45
GCAG,1995-03,0.4608
GISTEMP,1995-03,0.45
GCAG,1995-02,0.6843
GISTEMP,1995-02,0.78
GCAG,1995-01,0.5457
GISTEMP,1995-01,0.5
GCAG,1994-12,0.3990
GISTEMP,1994-12,0.36
GCAG,1994-11,0.4471
GISTEMP,1994-11,0.45
GCAG,1994-10,0.4224
GISTEMP,1994-10,0.42
GCAG,1994-09,0.3266
GISTEMP,1994-09,0.31
GCAG,1994-08,0.3032
GISTEMP,1994-08,0.22
GCAG,1994-07,0.3083
GISTEMP,1994-07,0.31
GCAG,1994-06,0.3776
GISTEMP,1994-06,0.41
GCAG,1994-05,0.3769
GISTEMP,1994-05,0.28
GCAG,1994-04,0.3548
GISTEMP,1994-04,0.4
GCAG,1994-03,0.3523
GISTEMP,1994-03,0.26
GCAG,1994-02,0.0745
GISTEMP,1994-02,0.03
GCAG,1994-01,0.2854
GISTEMP,1994-01,0.3
GCAG,1993-12,0.3124
GISTEMP,1993-12,0.19
GCAG,1993-11,0.0887
GISTEMP,1993-11,0.07
GCAG,1993-10,0.2402
GISTEMP,1993-10,0.22
GCAG,1993-09,0.1650
GISTEMP,1993-09,0.1
GCAG,1993-08,0.2075
GISTEMP,1993-08,0.13
GCAG,1993-07,0.2288
GISTEMP,1993-07,0.27
GCAG,1993-06,0.2889
GISTEMP,1993-06,0.23
GCAG,1993-05,0.3394
GISTEMP,1993-05,0.26
GCAG,1993-04,0.3108
GISTEMP,1993-04,0.26
GCAG,1993-03,0.4176
GISTEMP,1993-03,0.35
GCAG,1993-02,0.3924
GISTEMP,1993-02,0.38
GCAG,1993-01,0.3800
GISTEMP,1993-01,0.37
GCAG,1992-12,0.2790
GISTEMP,1992-12,0.21
GCAG,1992-11,0.0855
GISTEMP,1992-11,0.04
GCAG,1992-10,0.1111
GISTEMP,1992-10,0.09
GCAG,1992-09,0.0575
GISTEMP,1992-09,0.0
GCAG,1992-08,0.1337
GISTEMP,1992-08,0.09
GCAG,1992-07,0.1308
GISTEMP,1992-07,0.13
GCAG,1992-06,0.2774
GISTEMP,1992-06,0.23
GCAG,1992-05,0.3227
GISTEMP,1992-05,0.32
GCAG,1992-04,0.2875
GISTEMP,1992-04,0.23
GCAG,1992-03,0.4306
GISTEMP,1992-03,0.46
GCAG,1992-02,0.4451
GISTEMP,1992-02,0.42
GCAG,1992-01,0.4666
GISTEMP,1992-01,0.45
GCAG,1991-12,0.3004
GISTEMP,1991-12,0.33
GCAG,1991-11,0.3130
GISTEMP,1991-11,0.3
GCAG,1991-10,0.3236
GISTEMP,1991-10,0.31
GCAG,1991-09,0.3798
GISTEMP,1991-09,0.49
GCAG,1991-08,0.3812
GISTEMP,1991-08,0.41
GCAG,1991-07,0.4381
GISTEMP,1991-07,0.5
GCAG,1991-06,0.4763
GISTEMP,1991-06,0.53
GCAG,1991-05,0.4062
GISTEMP,1991-05,0.39
GCAG,1991-04,0.5128
GISTEMP,1991-04,0.51
GCAG,1991-03,0.3648
GISTEMP,1991-03,0.35
GCAG,1991-02,0.4604
GISTEMP,1991-02,0.5
GCAG,1991-01,0.4479
GISTEMP,1991-01,0.42
GCAG,1990-12,0.4407
GISTEMP,1990-12,0.41
GCAG,1990-11,0.4725
GISTEMP,1990-11,0.45
GCAG,1990-10,0.4207
GISTEMP,1990-10,0.42
GCAG,1990-09,0.3085
GISTEMP,1990-09,0.29
GCAG,1990-08,0.3421
GISTEMP,1990-08,0.29
GCAG,1990-07,0.3400
GISTEMP,1990-07,0.43
GCAG,1990-06,0.4049
GISTEMP,1990-06,0.37
GCAG,1990-05,0.4224
GISTEMP,1990-05,0.46
GCAG,1990-04,0.4866
GISTEMP,1990-04,0.54
GCAG,1990-03,0.7259
GISTEMP,1990-03,0.75
GCAG,1990-02,0.4004
GISTEMP,1990-02,0.4
GCAG,1990-01,0.3568
GISTEMP,1990-01,0.4
GCAG,1989-12,0.3943
GISTEMP,1989-12,0.36
GCAG,1989-11,0.2472
GISTEMP,1989-11,0.2
GCAG,1989-10,0.2975
GISTEMP,1989-10,0.33
GCAG,1989-09,0.2976
GISTEMP,1989-09,0.36
GCAG,1989-08,0.2953
GISTEMP,1989-08,0.35
GCAG,1989-07,0.2968
GISTEMP,1989-07,0.32
GCAG,1989-06,0.2677
GISTEMP,1989-06,0.14
GCAG,1989-05,0.2727
GISTEMP,1989-05,0.17
GCAG,1989-04,0.2846
GISTEMP,1989-04,0.33
GCAG,1989-03,0.3304
GISTEMP,1989-03,0.36
GCAG,1989-02,0.3010
GISTEMP,1989-02,0.34
GCAG,1989-01,0.2099
GISTEMP,1989-01,0.16
GCAG,1988-12,0.3563
GISTEMP,1988-12,0.34
GCAG,1988-11,0.2236
GISTEMP,1988-11,0.12
GCAG,1988-10,0.2948
GISTEMP,1988-10,0.38
GCAG,1988-09,0.3123
GISTEMP,1988-09,0.4
GCAG,1988-08,0.3159
GISTEMP,1988-08,0.45
GCAG,1988-07,0.3383
GISTEMP,1988-07,0.34
GCAG,1988-06,0.3814
GISTEMP,1988-06,0.42
GCAG,1988-05,0.3766
GISTEMP,1988-05,0.44
GCAG,1988-04,0.4380
GISTEMP,1988-04,0.44
GCAG,1988-03,0.4791
GISTEMP,1988-03,0.48
GCAG,1988-02,0.3852
GISTEMP,1988-02,0.41
GCAG,1988-01,0.5437
GISTEMP,1988-01,0.56
GCAG,1987-12,0.5263
GISTEMP,1987-12,0.47
GCAG,1987-11,0.3261
GISTEMP,1987-11,0.25
GCAG,1987-10,0.3303
GISTEMP,1987-10,0.31
GCAG,1987-09,0.4271
GISTEMP,1987-09,0.38
GCAG,1987-08,0.3785
GISTEMP,1987-08,0.27
GCAG,1987-07,0.4130
GISTEMP,1987-07,0.46
GCAG,1987-06,0.2976
GISTEMP,1987-06,0.35
GCAG,1987-05,0.3291
GISTEMP,1987-05,0.26
GCAG,1987-04,0.2971
GISTEMP,1987-04,0.24
GCAG,1987-03,0.2509
GISTEMP,1987-03,0.16
GCAG,1987-02,0.4983
GISTEMP,1987-02,0.46
GCAG,1987-01,0.3075
GISTEMP,1987-01,0.35
GCAG,1986-12,0.2137
GISTEMP,1986-12,0.15
GCAG,1986-11,0.1510
GISTEMP,1986-11,0.11
GCAG,1986-10,0.2001
GISTEMP,1986-10,0.14
GCAG,1986-09,0.1661
GISTEMP,1986-09,0.01
GCAG,1986-08,0.1633
GISTEMP,1986-08,0.11
GCAG,1986-07,0.1603
GISTEMP,1986-07,0.12
GCAG,1986-06,0.2482
GISTEMP,1986-06,0.12
GCAG,1986-05,0.2464
GISTEMP,1986-05,0.26
GCAG,1986-04,0.2567
GISTEMP,1986-04,0.25
GCAG,1986-03,0.2927
GISTEMP,1986-03,0.29
GCAG,1986-02,0.2758
GISTEMP,1986-02,0.38
GCAG,1986-01,0.3210
GISTEMP,1986-01,0.29
GCAG,1985-12,0.1944
GISTEMP,1985-12,0.15
GCAG,1985-11,0.1137
GISTEMP,1985-11,0.09
GCAG,1985-10,0.1248
GISTEMP,1985-10,0.11
GCAG,1985-09,0.0969
GISTEMP,1985-09,0.15
GCAG,1985-08,0.1241
GISTEMP,1985-08,0.14
GCAG,1985-07,0.0726
GISTEMP,1985-07,-0.02
GCAG,1985-06,0.1241
GISTEMP,1985-06,0.16
GCAG,1985-05,0.1920
GISTEMP,1985-05,0.17
GCAG,1985-04,0.1452
GISTEMP,1985-04,0.1
GCAG,1985-03,0.1845
GISTEMP,1985-03,0.17
GCAG,1985-02,0.0154
GISTEMP,1985-02,-0.07
GCAG,1985-01,0.1758
GISTEMP,1985-01,0.21
GCAG,1984-12,-0.0962
GISTEMP,1984-12,-0.06
GCAG,1984-11,0.0351
GISTEMP,1984-11,0.04
GCAG,1984-10,0.1124
GISTEMP,1984-10,0.15
GCAG,1984-09,0.1378
GISTEMP,1984-09,0.19
GCAG,1984-08,0.1645
GISTEMP,1984-08,0.15
GCAG,1984-07,0.1153
GISTEMP,1984-07,0.15
GCAG,1984-06,0.1276
GISTEMP,1984-06,0.05
GCAG,1984-05,0.2797
GISTEMP,1984-05,0.34
GCAG,1984-04,0.1467
GISTEMP,1984-04,0.09
GCAG,1984-03,0.2685
GISTEMP,1984-03,0.29
GCAG,1984-02,0.1715
GISTEMP,1984-02,0.17
GCAG,1984-01,0.2808
GISTEMP,1984-01,0.3
GCAG,1983-12,0.2707
GISTEMP,1983-12,0.16
GCAG,1983-11,0.4285
GISTEMP,1983-11,0.31
GCAG,1983-10,0.2084
GISTEMP,1983-10,0.15
GCAG,1983-09,0.3132
GISTEMP,1983-09,0.38
GCAG,1983-08,0.3180
GISTEMP,1983-08,0.3
GCAG,1983-07,0.2603
GISTEMP,1983-07,0.15
GCAG,1983-06,0.2623
GISTEMP,1983-06,0.17
GCAG,1983-05,0.2851
GISTEMP,1983-05,0.36
GCAG,1983-04,0.2886
GISTEMP,1983-04,0.3
GCAG,1983-03,0.4229
GISTEMP,1983-03,0.42
GCAG,1983-02,0.4778
GISTEMP,1983-02,0.4
GCAG,1983-01,0.5125
GISTEMP,1983-01,0.52
GCAG,1982-12,0.4320
GISTEMP,1982-12,0.42
GCAG,1982-11,0.1465
GISTEMP,1982-11,0.12
GCAG,1982-10,0.1738
GISTEMP,1982-10,0.13
GCAG,1982-09,0.2310
GISTEMP,1982-09,0.15
GCAG,1982-08,0.1367
GISTEMP,1982-08,0.08
GCAG,1982-07,0.1394
GISTEMP,1982-07,0.12
GCAG,1982-06,0.1207
GISTEMP,1982-06,0.04
GCAG,1982-05,0.1870
GISTEMP,1982-05,0.15
GCAG,1982-04,0.2029
GISTEMP,1982-04,0.09
GCAG,1982-03,0.0810
GISTEMP,1982-03,-0.03
GCAG,1982-02,0.1549
GISTEMP,1982-02,0.15
GCAG,1982-01,0.1330
GISTEMP,1982-01,0.08
GCAG,1981-12,0.4183
GISTEMP,1981-12,0.39
GCAG,1981-11,0.2106
GISTEMP,1981-11,0.22
GCAG,1981-10,0.1661
GISTEMP,1981-10,0.14
GCAG,1981-09,0.1840
GISTEMP,1981-09,0.17
GCAG,1981-08,0.2391
GISTEMP,1981-08,0.33
GCAG,1981-07,0.2211
GISTEMP,1981-07,0.34
GCAG,1981-06,0.2814
GISTEMP,1981-06,0.31
GCAG,1981-05,0.2593
GISTEMP,1981-05,0.23
GCAG,1981-04,0.3537
GISTEMP,1981-04,0.31
GCAG,1981-03,0.4080
GISTEMP,1981-03,0.49
GCAG,1981-02,0.3604
GISTEMP,1981-02,0.41
GCAG,1981-01,0.4652
GISTEMP,1981-01,0.55
GCAG,1980-12,0.2634
GISTEMP,1980-12,0.2
GCAG,1980-11,0.3282
GISTEMP,1980-11,0.28
GCAG,1980-10,0.1789
GISTEMP,1980-10,0.19
GCAG,1980-09,0.1976
GISTEMP,1980-09,0.21
GCAG,1980-08,0.1916
GISTEMP,1980-08,0.26
GCAG,1980-07,0.2141
GISTEMP,1980-07,0.29
GCAG,1980-06,0.2435
GISTEMP,1980-06,0.16
GCAG,1980-05,0.3141
GISTEMP,1980-05,0.34
GCAG,1980-04,0.3059
GISTEMP,1980-04,0.33
GCAG,1980-03,0.2378
GISTEMP,1980-03,0.29
GCAG,1980-02,0.3486
GISTEMP,1980-02,0.42
GCAG,1980-01,0.3062
GISTEMP,1980-01,0.3
GCAG,1979-12,0.4993
GISTEMP,1979-12,0.47
GCAG,1979-11,0.2927
GISTEMP,1979-11,0.29
GCAG,1979-10,0.2902
GISTEMP,1979-10,0.25
GCAG,1979-09,0.2474
GISTEMP,1979-09,0.26
GCAG,1979-08,0.2216
GISTEMP,1979-08,0.14
GCAG,1979-07,0.1687
GISTEMP,1979-07,0.02
GCAG,1979-06,0.2130
GISTEMP,1979-06,0.13
GCAG,1979-05,0.1526
GISTEMP,1979-05,0.05
GCAG,1979-04,0.1090
GISTEMP,1979-04,0.12
GCAG,1979-03,0.2413
GISTEMP,1979-03,0.18
GCAG,1979-02,0.0877
GISTEMP,1979-02,-0.08
GCAG,1979-01,0.1575
GISTEMP,1979-01,0.14
GCAG,1978-12,0.1486
GISTEMP,1978-12,0.1
GCAG,1978-11,0.2238
GISTEMP,1978-11,0.17
GCAG,1978-10,0.0605
GISTEMP,1978-10,0.01
GCAG,1978-09,0.0699
GISTEMP,1978-09,0.05
GCAG,1978-08,0.0005
GISTEMP,1978-08,-0.19
GCAG,1978-07,0.0646
GISTEMP,1978-07,0.06
GCAG,1978-06,0.0498
GISTEMP,1978-06,-0.03
GCAG,1978-05,0.0572
GISTEMP,1978-05,0.06
GCAG,1978-04,0.1296
GISTEMP,1978-04,0.14
GCAG,1978-03,0.2208
GISTEMP,1978-03,0.21
GCAG,1978-02,0.1256
GISTEMP,1978-02,0.12
GCAG,1978-01,0.1574
GISTEMP,1978-01,0.07
GCAG,1977-12,0.1079
GISTEMP,1977-12,0.05
GCAG,1977-11,0.2572
GISTEMP,1977-11,0.2
GCAG,1977-10,0.1139
GISTEMP,1977-10,0.05
GCAG,1977-09,0.1832
GISTEMP,1977-09,0.02
GCAG,1977-08,0.1377
GISTEMP,1977-08,0.19
GCAG,1977-07,0.1668
GISTEMP,1977-07,0.23
GCAG,1977-06,0.2435
GISTEMP,1977-06,0.25
GCAG,1977-05,0.2332
GISTEMP,1977-05,0.3
GCAG,1977-04,0.2788
GISTEMP,1977-04,0.27
GCAG,1977-03,0.3070
GISTEMP,1977-03,0.25
GCAG,1977-02,0.2338
GISTEMP,1977-02,0.2
GCAG,1977-01,0.0589
GISTEMP,1977-01,0.17
GCAG,1976-12,0.0867
GISTEMP,1976-12,0.08
GCAG,1976-11,-0.0443
GISTEMP,1976-11,-0.06
GCAG,1976-10,-0.1872
GISTEMP,1976-10,-0.27
GCAG,1976-09,-0.0486
GISTEMP,1976-09,-0.1
GCAG,1976-08,-0.0946
GISTEMP,1976-08,-0.17
GCAG,1976-07,-0.0896
GISTEMP,1976-07,-0.11
GCAG,1976-06,-0.0776
GISTEMP,1976-06,-0.15
GCAG,1976-05,-0.1265
GISTEMP,1976-05,-0.22
GCAG,1976-04,-0.0246
GISTEMP,1976-04,-0.09
GCAG,1976-03,-0.2385
GISTEMP,1976-03,-0.21
GCAG,1976-02,-0.1253
GISTEMP,1976-02,-0.07
GCAG,1976-01,-0.0221
GISTEMP,1976-01,-0.01
GCAG,1975-12,-0.0943
GISTEMP,1975-12,-0.17
GCAG,1975-11,-0.1479
GISTEMP,1975-11,-0.16
GCAG,1975-10,-0.1283
GISTEMP,1975-10,-0.1
GCAG,1975-09,0.0132
GISTEMP,1975-09,-0.03
GCAG,1975-08,-0.0728
GISTEMP,1975-08,-0.21
GCAG,1975-07,-0.0009
GISTEMP,1975-07,-0.03
GCAG,1975-06,0.0312
GISTEMP,1975-06,-0.01
GCAG,1975-05,0.0644
GISTEMP,1975-05,0.16
GCAG,1975-04,0.0749
GISTEMP,1975-04,0.06
GCAG,1975-03,0.1064
GISTEMP,1975-03,0.14
GCAG,1975-02,0.0287
GISTEMP,1975-02,0.07
GCAG,1975-01,0.1158
GISTEMP,1975-01,0.08
GCAG,1974-12,-0.1011
GISTEMP,1974-12,-0.1
GCAG,1974-11,-0.0705
GISTEMP,1974-11,-0.07
GCAG,1974-10,-0.0842
GISTEMP,1974-10,-0.07
GCAG,1974-09,-0.0467
GISTEMP,1974-09,-0.13
GCAG,1974-08,0.0081
GISTEMP,1974-08,0.11
GCAG,1974-07,0.0135
GISTEMP,1974-07,-0.03
GCAG,1974-06,-0.0429
GISTEMP,1974-06,-0.05
GCAG,1974-05,-0.0299
GISTEMP,1974-05,0.0
GCAG,1974-04,-0.0462
GISTEMP,1974-04,-0.1
GCAG,1974-03,-0.0542
GISTEMP,1974-03,-0.05
GCAG,1974-02,-0.2577
GISTEMP,1974-02,-0.28
GCAG,1974-01,-0.1980
GISTEMP,1974-01,-0.14
GCAG,1973-12,0.0233
GISTEMP,1973-12,-0.06
GCAG,1973-11,0.0194
GISTEMP,1973-11,0.06
GCAG,1973-10,0.0407
GISTEMP,1973-10,0.12
GCAG,1973-09,0.0501
GISTEMP,1973-09,0.06
GCAG,1973-08,0.0748
GISTEMP,1973-08,0.02
GCAG,1973-07,0.1132
GISTEMP,1973-07,0.09
GCAG,1973-06,0.1938
GISTEMP,1973-06,0.16
GCAG,1973-05,0.2117
GISTEMP,1973-05,0.26
GCAG,1973-04,0.2494
GISTEMP,1973-04,0.26
GCAG,1973-03,0.3279
GISTEMP,1973-03,0.26
GCAG,1973-02,0.3701
GISTEMP,1973-02,0.31
GCAG,1973-01,0.2555
GISTEMP,1973-01,0.28
GCAG,1972-12,0.2494
GISTEMP,1972-12,0.19
GCAG,1972-11,0.0768
GISTEMP,1972-11,0.02
GCAG,1972-10,0.0870
GISTEMP,1972-10,0.08
GCAG,1972-09,0.0188
GISTEMP,1972-09,0.04
GCAG,1972-08,0.0870
GISTEMP,1972-08,0.18
GCAG,1972-07,0.0630
GISTEMP,1972-07,0.02
GCAG,1972-06,0.0755
GISTEMP,1972-06,0.04
GCAG,1972-05,0.0140
GISTEMP,1972-05,-0.01
GCAG,1972-04,0.0351
GISTEMP,1972-04,-0.01
GCAG,1972-03,0.0019
GISTEMP,1972-03,0.02
GCAG,1972-02,-0.1646
GISTEMP,1972-02,-0.17
GCAG,1972-01,-0.2420
GISTEMP,1972-01,-0.25
GCAG,1971-12,-0.0231
GISTEMP,1971-12,-0.08
GCAG,1971-11,0.0363
GISTEMP,1971-11,-0.04
GCAG,1971-10,-0.0775
GISTEMP,1971-10,-0.06
GCAG,1971-09,-0.0454
GISTEMP,1971-09,0.0
GCAG,1971-08,-0.0715
GISTEMP,1971-08,-0.03
GCAG,1971-07,-0.0658
GISTEMP,1971-07,-0.12
GCAG,1971-06,-0.1285
GISTEMP,1971-06,-0.18
GCAG,1971-05,-0.0929
GISTEMP,1971-05,-0.06
GCAG,1971-04,-0.1316
GISTEMP,1971-04,-0.11
GCAG,1971-03,-0.1409
GISTEMP,1971-03,-0.19
GCAG,1971-02,-0.2155
GISTEMP,1971-02,-0.21
GCAG,1971-01,-0.0067
GISTEMP,1971-01,-0.03
GCAG,1970-12,-0.0976
GISTEMP,1970-12,-0.13
GCAG,1970-11,0.0206
GISTEMP,1970-11,0.02
GCAG,1970-10,-0.0405
GISTEMP,1970-10,0.04
GCAG,1970-09,0.0047
GISTEMP,1970-09,0.11
GCAG,1970-08,-0.0219
GISTEMP,1970-08,-0.11
GCAG,1970-07,-0.0247
GISTEMP,1970-07,-0.04
GCAG,1970-06,0.0259
GISTEMP,1970-06,-0.02
GCAG,1970-05,0.0391
GISTEMP,1970-05,-0.05
GCAG,1970-04,0.1301
GISTEMP,1970-04,0.1
GCAG,1970-03,0.0321
GISTEMP,1970-03,0.08
GCAG,1970-02,0.2342
GISTEMP,1970-02,0.23
GCAG,1970-01,0.1192
GISTEMP,1970-01,0.1
GCAG,1969-12,0.2462
GISTEMP,1969-12,0.28
GCAG,1969-11,0.1907
GISTEMP,1969-11,0.12
GCAG,1969-10,0.0678
GISTEMP,1969-10,0.1
GCAG,1969-09,0.0819
GISTEMP,1969-09,0.1
GCAG,1969-08,0.0935
GISTEMP,1969-08,0.03
GCAG,1969-07,0.0888
GISTEMP,1969-07,-0.02
GCAG,1969-06,0.0724
GISTEMP,1969-06,0.05
GCAG,1969-05,0.1711
GISTEMP,1969-05,0.2
GCAG,1969-04,0.1912
GISTEMP,1969-04,0.18
GCAG,1969-03,0.1181
GISTEMP,1969-03,0.01
GCAG,1969-02,-0.1049
GISTEMP,1969-02,-0.14
GCAG,1969-01,-0.1326
GISTEMP,1969-01,-0.11
GCAG,1968-12,-0.0454
GISTEMP,1968-12,-0.14
GCAG,1968-11,0.0134
GISTEMP,1968-11,-0.04
GCAG,1968-10,0.0436
GISTEMP,1968-10,0.12
GCAG,1968-09,-0.0136
GISTEMP,1968-09,-0.19
GCAG,1968-08,-0.0185
GISTEMP,1968-08,-0.11
GCAG,1968-07,-0.0250
GISTEMP,1968-07,-0.1
GCAG,1968-06,-0.0186
GISTEMP,1968-06,-0.06
GCAG,1968-05,-0.0826
GISTEMP,1968-05,-0.1
GCAG,1968-04,-0.0718
GISTEMP,1968-04,-0.05
GCAG,1968-03,0.1485
GISTEMP,1968-03,0.21
GCAG,1968-02,-0.1294
GISTEMP,1968-02,-0.14
GCAG,1968-01,-0.1900
GISTEMP,1968-01,-0.23
GCAG,1967-12,-0.0445
GISTEMP,1967-12,-0.02
GCAG,1967-11,-0.0263
GISTEMP,1967-11,-0.06
GCAG,1967-10,0.1262
GISTEMP,1967-10,0.07
GCAG,1967-09,-0.0356
GISTEMP,1967-09,-0.05
GCAG,1967-08,-0.0076
GISTEMP,1967-08,0.03
GCAG,1967-07,-0.0206
GISTEMP,1967-07,-0.01
GCAG,1967-06,-0.0314
GISTEMP,1967-06,-0.08
GCAG,1967-05,0.1239
GISTEMP,1967-05,0.13
GCAG,1967-04,0.0048
GISTEMP,1967-04,-0.06
GCAG,1967-03,0.0025
GISTEMP,1967-03,0.04
GCAG,1967-02,-0.1675
GISTEMP,1967-02,-0.19
GCAG,1967-01,-0.1093
GISTEMP,1967-01,-0.07
GCAG,1966-12,-0.1262
GISTEMP,1966-12,-0.05
GCAG,1966-11,-0.0463
GISTEMP,1966-11,-0.02
GCAG,1966-10,-0.0611
GISTEMP,1966-10,-0.15
GCAG,1966-09,0.0242
GISTEMP,1966-09,-0.02
GCAG,1966-08,0.0195
GISTEMP,1966-08,-0.11
GCAG,1966-07,0.0653
GISTEMP,1966-07,0.09
GCAG,1966-06,0.0572
GISTEMP,1966-06,0.02
GCAG,1966-05,-0.0365
GISTEMP,1966-05,-0.11
GCAG,1966-04,-0.0920
GISTEMP,1966-04,-0.13
GCAG,1966-03,-0.0040
GISTEMP,1966-03,0.05
GCAG,1966-02,-0.0394
GISTEMP,1966-02,-0.01
GCAG,1966-01,-0.0491
GISTEMP,1966-01,-0.17
GCAG,1965-12,-0.0141
GISTEMP,1965-12,-0.06
GCAG,1965-11,-0.0922
GISTEMP,1965-11,-0.05
GCAG,1965-10,0.0213
GISTEMP,1965-10,-0.03
GCAG,1965-09,-0.0513
GISTEMP,1965-09,-0.14
GCAG,1965-08,-0.0489
GISTEMP,1965-08,-0.01
GCAG,1965-07,-0.0845
GISTEMP,1965-07,-0.11
GCAG,1965-06,-0.0449
GISTEMP,1965-06,-0.1
GCAG,1965-05,-0.0788
GISTEMP,1965-05,-0.15
GCAG,1965-04,-0.1884
GISTEMP,1965-04,-0.19
GCAG,1965-03,-0.1015
GISTEMP,1965-03,-0.12
GCAG,1965-02,-0.1981
GISTEMP,1965-02,-0.18
GCAG,1965-01,-0.0718
GISTEMP,1965-01,-0.08
GCAG,1964-12,-0.2671
GISTEMP,1964-12,-0.3
GCAG,1964-11,-0.2041
GISTEMP,1964-11,-0.2
GCAG,1964-10,-0.2659
GISTEMP,1964-10,-0.3
GCAG,1964-09,-0.2107
GISTEMP,1964-09,-0.28
GCAG,1964-08,-0.1688
GISTEMP,1964-08,-0.22
GCAG,1964-07,-0.1144
GISTEMP,1964-07,-0.07
GCAG,1964-06,-0.0940
GISTEMP,1964-06,-0.07
GCAG,1964-05,-0.1000
GISTEMP,1964-05,-0.25
GCAG,1964-04,-0.1843
GISTEMP,1964-04,-0.3
GCAG,1964-03,-0.1435
GISTEMP,1964-03,-0.24
GCAG,1964-02,-0.1061
GISTEMP,1964-02,-0.11
GCAG,1964-01,0.0469
GISTEMP,1964-01,-0.07
GCAG,1963-12,0.0799
GISTEMP,1963-12,-0.01
GCAG,1963-11,0.1919
GISTEMP,1963-11,0.15
GCAG,1963-10,0.2098
GISTEMP,1963-10,0.15
GCAG,1963-09,0.1625
GISTEMP,1963-09,0.2
GCAG,1963-08,0.1548
GISTEMP,1963-08,0.24
GCAG,1963-07,0.1355
GISTEMP,1963-07,0.08
GCAG,1963-06,0.0468
GISTEMP,1963-06,0.02
GCAG,1963-05,0.0109
GISTEMP,1963-05,-0.1
GCAG,1963-04,-0.0039
GISTEMP,1963-04,-0.05
GCAG,1963-03,-0.0237
GISTEMP,1963-03,-0.15
GCAG,1963-02,0.2553
GISTEMP,1963-02,0.18
GCAG,1963-01,0.0367
GISTEMP,1963-01,-0.03
GCAG,1962-12,0.0855
GISTEMP,1962-12,-0.02
GCAG,1962-11,0.0755
GISTEMP,1962-11,0.05
GCAG,1962-10,0.0776
GISTEMP,1962-10,-0.03
GCAG,1962-09,0.0612
GISTEMP,1962-09,-0.02
GCAG,1962-08,0.0559
GISTEMP,1962-08,-0.03
GCAG,1962-07,0.0898
GISTEMP,1962-07,-0.03
GCAG,1962-06,0.0574
GISTEMP,1962-06,0.04
GCAG,1962-05,0.0574
GISTEMP,1962-05,-0.06
GCAG,1962-04,0.0758
GISTEMP,1962-04,0.05
GCAG,1962-03,0.1189
GISTEMP,1962-03,0.11
GCAG,1962-02,0.1685
GISTEMP,1962-02,0.14
GCAG,1962-01,0.1329
GISTEMP,1962-01,0.07
GCAG,1961-12,-0.0186
GISTEMP,1961-12,-0.15
GCAG,1961-11,0.0144
GISTEMP,1961-11,0.03
GCAG,1961-10,-0.0361
GISTEMP,1961-10,-0.01
GCAG,1961-09,-0.0079
GISTEMP,1961-09,0.06
GCAG,1961-08,0.0308
GISTEMP,1961-08,0.0
GCAG,1961-07,0.0335
GISTEMP,1961-07,-0.03
GCAG,1961-06,0.1486
GISTEMP,1961-06,0.11
GCAG,1961-05,0.1601
GISTEMP,1961-05,0.14
GCAG,1961-04,0.1330
GISTEMP,1961-04,0.16
GCAG,1961-03,0.1633
GISTEMP,1961-03,0.1
GCAG,1961-02,0.1766
GISTEMP,1961-02,0.19
GCAG,1961-01,0.1184
GISTEMP,1961-01,0.07
GCAG,1960-12,0.2264
GISTEMP,1960-12,0.18
GCAG,1960-11,-0.0487
GISTEMP,1960-11,-0.12
GCAG,1960-10,0.0389
GISTEMP,1960-10,0.08
GCAG,1960-09,0.0634
GISTEMP,1960-09,0.04
GCAG,1960-08,0.0455
GISTEMP,1960-08,0.0
GCAG,1960-07,0.0334
GISTEMP,1960-07,-0.02
GCAG,1960-06,0.0774
GISTEMP,1960-06,0.01
GCAG,1960-05,-0.0856
GISTEMP,1960-05,-0.08
GCAG,1960-04,-0.0955
GISTEMP,1960-04,-0.16
GCAG,1960-03,-0.2028
GISTEMP,1960-03,-0.35
GCAG,1960-02,0.1856
GISTEMP,1960-02,0.13
GCAG,1960-01,0.0032
GISTEMP,1960-01,-0.02
GCAG,1959-12,-0.0345
GISTEMP,1959-12,-0.02
GCAG,1959-11,-0.0778
GISTEMP,1959-11,-0.09
GCAG,1959-10,-0.0134
GISTEMP,1959-10,-0.09
GCAG,1959-09,0.0959
GISTEMP,1959-09,-0.05
GCAG,1959-08,0.0509
GISTEMP,1959-08,-0.01
GCAG,1959-07,0.0655
GISTEMP,1959-07,0.07
GCAG,1959-06,0.0843
GISTEMP,1959-06,0.02
GCAG,1959-05,0.0263
GISTEMP,1959-05,0.06
GCAG,1959-04,0.1176
GISTEMP,1959-04,0.16
GCAG,1959-03,0.2045
GISTEMP,1959-03,0.2
GCAG,1959-02,0.0679
GISTEMP,1959-02,0.09
GCAG,1959-01,0.1240
GISTEMP,1959-01,0.06
GCAG,1958-12,0.1426
GISTEMP,1958-12,0.0
GCAG,1958-11,0.0904
GISTEMP,1958-11,0.02
GCAG,1958-10,0.0387
GISTEMP,1958-10,0.03
GCAG,1958-09,0.0170
GISTEMP,1958-09,-0.04
GCAG,1958-08,0.0531
GISTEMP,1958-08,-0.06
GCAG,1958-07,0.0621
GISTEMP,1958-07,0.04
GCAG,1958-06,0.0625
GISTEMP,1958-06,-0.06
GCAG,1958-05,0.1030
GISTEMP,1958-05,0.08
GCAG,1958-04,0.1142
GISTEMP,1958-04,0.02
GCAG,1958-03,0.1184
GISTEMP,1958-03,0.09
GCAG,1958-02,0.2076
GISTEMP,1958-02,0.23
GCAG,1958-01,0.2952
GISTEMP,1958-01,0.38
GCAG,1957-12,0.2275
GISTEMP,1957-12,0.16
GCAG,1957-11,0.1269
GISTEMP,1957-11,0.07
GCAG,1957-10,0.0121
GISTEMP,1957-10,0.0
GCAG,1957-09,0.0729
GISTEMP,1957-09,0.08
GCAG,1957-08,0.1288
GISTEMP,1957-08,0.14
GCAG,1957-07,0.0604
GISTEMP,1957-07,0.01
GCAG,1957-06,0.1597
GISTEMP,1957-06,0.16
GCAG,1957-05,0.1082
GISTEMP,1957-05,0.08
GCAG,1957-04,-0.0188
GISTEMP,1957-04,-0.02
GCAG,1957-03,-0.0668
GISTEMP,1957-03,-0.07
GCAG,1957-02,-0.1129
GISTEMP,1957-02,-0.06
GCAG,1957-01,-0.1216
GISTEMP,1957-01,-0.13
GCAG,1956-12,-0.1556
GISTEMP,1956-12,-0.09
GCAG,1956-11,-0.1574
GISTEMP,1956-11,-0.15
GCAG,1956-10,-0.1995
GISTEMP,1956-10,-0.24
GCAG,1956-09,-0.2518
GISTEMP,1956-09,-0.19
GCAG,1956-08,-0.1868
GISTEMP,1956-08,-0.26
GCAG,1956-07,-0.1351
GISTEMP,1956-07,-0.12
GCAG,1956-06,-0.1435
GISTEMP,1956-06,-0.14
GCAG,1956-05,-0.2256
GISTEMP,1956-05,-0.28
GCAG,1956-04,-0.2845
GISTEMP,1956-04,-0.28
GCAG,1956-03,-0.1984
GISTEMP,1956-03,-0.22
GCAG,1956-02,-0.2731
GISTEMP,1956-02,-0.24
GCAG,1956-01,-0.1761
GISTEMP,1956-01,-0.15
GCAG,1955-12,-0.2715
GISTEMP,1955-12,-0.32
GCAG,1955-11,-0.2376
GISTEMP,1955-11,-0.28
GCAG,1955-10,-0.1252
GISTEMP,1955-10,-0.05
GCAG,1955-09,-0.0936
GISTEMP,1955-09,-0.13
GCAG,1955-08,-0.0244
GISTEMP,1955-08,0.06
GCAG,1955-07,-0.0888
GISTEMP,1955-07,-0.07
GCAG,1955-06,-0.0685
GISTEMP,1955-06,-0.06
GCAG,1955-05,-0.1262
GISTEMP,1955-05,-0.2
GCAG,1955-04,-0.2362
GISTEMP,1955-04,-0.22
GCAG,1955-03,-0.3078
GISTEMP,1955-03,-0.35
GCAG,1955-02,-0.1292
GISTEMP,1955-02,-0.21
GCAG,1955-01,0.0897
GISTEMP,1955-01,0.12
GCAG,1954-12,-0.1870
GISTEMP,1954-12,-0.16
GCAG,1954-11,0.0395
GISTEMP,1954-11,0.09
GCAG,1954-10,-0.0703
GISTEMP,1954-10,0.0
GCAG,1954-09,-0.0595
GISTEMP,1954-09,-0.07
GCAG,1954-08,-0.0889
GISTEMP,1954-08,-0.13
GCAG,1954-07,-0.1227
GISTEMP,1954-07,-0.16
GCAG,1954-06,-0.1148
GISTEMP,1954-06,-0.15
GCAG,1954-05,-0.2002
GISTEMP,1954-05,-0.19
GCAG,1954-04,-0.1757
GISTEMP,1954-04,-0.17
GCAG,1954-03,-0.0898
GISTEMP,1954-03,-0.12
GCAG,1954-02,-0.0861
GISTEMP,1954-02,-0.09
GCAG,1954-01,-0.2370
GISTEMP,1954-01,-0.27
GCAG,1953-12,0.0551
GISTEMP,1953-12,0.04
GCAG,1953-11,-0.0629
GISTEMP,1953-11,-0.05
GCAG,1953-10,0.0724
GISTEMP,1953-10,0.05
GCAG,1953-09,0.0641
GISTEMP,1953-09,0.06
GCAG,1953-08,0.0811
GISTEMP,1953-08,0.08
GCAG,1953-07,0.0663
GISTEMP,1953-07,0.02
GCAG,1953-06,0.1261
GISTEMP,1953-06,0.08
GCAG,1953-05,0.1435
GISTEMP,1953-05,0.09
GCAG,1953-04,0.1863
GISTEMP,1953-04,0.19
GCAG,1953-03,0.1536
GISTEMP,1953-03,0.11
GCAG,1953-02,0.1533
GISTEMP,1953-02,0.16
GCAG,1953-01,0.1018
GISTEMP,1953-01,0.09
GCAG,1952-12,-0.0091
GISTEMP,1952-12,-0.02
GCAG,1952-11,-0.1974
GISTEMP,1952-11,-0.16
GCAG,1952-10,-0.0380
GISTEMP,1952-10,-0.03
GCAG,1952-09,0.0652
GISTEMP,1952-09,0.08
GCAG,1952-08,0.0656
GISTEMP,1952-08,0.07
GCAG,1952-07,0.0720
GISTEMP,1952-07,0.05
GCAG,1952-06,0.0390
GISTEMP,1952-06,-0.04
GCAG,1952-05,0.0348
GISTEMP,1952-05,-0.05
GCAG,1952-04,0.0656
GISTEMP,1952-04,0.02
GCAG,1952-03,-0.0473
GISTEMP,1952-03,-0.09
GCAG,1952-02,0.0914
GISTEMP,1952-02,0.13
GCAG,1952-01,0.1513
GISTEMP,1952-01,0.16
GCAG,1951-12,0.2137
GISTEMP,1951-12,0.16
GCAG,1951-11,0.0241
GISTEMP,1951-11,-0.01
GCAG,1951-10,0.1066
GISTEMP,1951-10,0.07
GCAG,1951-09,0.1334
GISTEMP,1951-09,0.08
GCAG,1951-08,0.1131
GISTEMP,1951-08,0.06
GCAG,1951-07,0.1086
GISTEMP,1951-07,0.01
GCAG,1951-06,0.0352
GISTEMP,1951-06,-0.05
GCAG,1951-05,0.0537
GISTEMP,1951-05,-0.02
GCAG,1951-04,-0.0881
GISTEMP,1951-04,-0.1
GCAG,1951-03,-0.1690
GISTEMP,1951-03,-0.19
GCAG,1951-02,-0.4089
GISTEMP,1951-02,-0.43
GCAG,1951-01,-0.2900
GISTEMP,1951-01,-0.34
GCAG,1950-12,-0.1835
GISTEMP,1950-12,-0.19
GCAG,1950-11,-0.3631
GISTEMP,1950-11,-0.35
GCAG,1950-10,-0.1687
GISTEMP,1950-10,-0.19
GCAG,1950-09,-0.1072
GISTEMP,1950-09,-0.1
GCAG,1950-08,-0.1396
GISTEMP,1950-08,-0.18
GCAG,1950-07,-0.1046
GISTEMP,1950-07,-0.09
GCAG,1950-06,-0.0596
GISTEMP,1950-06,-0.06
GCAG,1950-05,-0.0538
GISTEMP,1950-05,-0.11
GCAG,1950-04,-0.1710
GISTEMP,1950-04,-0.2
GCAG,1950-03,-0.0879
GISTEMP,1950-03,-0.07
GCAG,1950-02,-0.2395
GISTEMP,1950-02,-0.26
GCAG,1950-01,-0.2790
GISTEMP,1950-01,-0.28
GCAG,1949-12,-0.1885
GISTEMP,1949-12,-0.16
GCAG,1949-11,-0.0569
GISTEMP,1949-11,-0.08
GCAG,1949-10,-0.0357
GISTEMP,1949-10,-0.03
GCAG,1949-09,-0.0736
GISTEMP,1949-09,-0.08
GCAG,1949-08,-0.0269
GISTEMP,1949-08,-0.08
GCAG,1949-07,-0.0788
GISTEMP,1949-07,-0.13
GCAG,1949-06,-0.1527
GISTEMP,1949-06,-0.23
GCAG,1949-05,-0.0102
GISTEMP,1949-05,-0.08
GCAG,1949-04,0.0009
GISTEMP,1949-04,-0.07
GCAG,1949-03,-0.0776
GISTEMP,1949-03,-0.01
GCAG,1949-02,-0.1533
GISTEMP,1949-02,-0.15
GCAG,1949-01,0.1141
GISTEMP,1949-01,0.1
GCAG,1948-12,-0.1164
GISTEMP,1948-12,-0.21
GCAG,1948-11,-0.0646
GISTEMP,1948-11,-0.09
GCAG,1948-10,-0.0685
GISTEMP,1948-10,-0.07
GCAG,1948-09,-0.1080
GISTEMP,1948-09,-0.11
GCAG,1948-08,-0.0298
GISTEMP,1948-08,-0.1
GCAG,1948-07,-0.0640
GISTEMP,1948-07,-0.13
GCAG,1948-06,-0.0190
GISTEMP,1948-06,-0.05
GCAG,1948-05,0.1427
GISTEMP,1948-05,0.07
GCAG,1948-04,-0.0695
GISTEMP,1948-04,-0.09
GCAG,1948-03,-0.1945
GISTEMP,1948-03,-0.24
GCAG,1948-02,-0.0970
GISTEMP,1948-02,-0.12
GCAG,1948-01,0.0479
GISTEMP,1948-01,0.05
GCAG,1947-12,-0.1507
GISTEMP,1947-12,-0.16
GCAG,1947-11,-0.0301
GISTEMP,1947-11,-0.01
GCAG,1947-10,0.0501
GISTEMP,1947-10,0.06
GCAG,1947-09,-0.1320
GISTEMP,1947-09,-0.14
GCAG,1947-08,-0.0679
GISTEMP,1947-08,-0.08
GCAG,1947-07,-0.0191
GISTEMP,1947-07,-0.06
GCAG,1947-06,0.0097
GISTEMP,1947-06,0.0
GCAG,1947-05,-0.0275
GISTEMP,1947-05,-0.06
GCAG,1947-04,0.0076
GISTEMP,1947-04,0.04
GCAG,1947-03,-0.0175
GISTEMP,1947-03,0.05
GCAG,1947-02,-0.0860
GISTEMP,1947-02,-0.06
GCAG,1947-01,-0.1956
GISTEMP,1947-01,-0.1
GCAG,1946-12,-0.2722
GISTEMP,1946-12,-0.28
GCAG,1946-11,-0.0174
GISTEMP,1946-11,-0.02
GCAG,1946-10,-0.0124
GISTEMP,1946-10,-0.05
GCAG,1946-09,-0.0252
GISTEMP,1946-09,-0.02
GCAG,1946-08,-0.0722
GISTEMP,1946-08,-0.09
GCAG,1946-07,-0.0413
GISTEMP,1946-07,-0.08
GCAG,1946-06,-0.1104
GISTEMP,1946-06,-0.16
GCAG,1946-05,-0.0337
GISTEMP,1946-05,-0.03
GCAG,1946-04,0.1722
GISTEMP,1946-04,0.11
GCAG,1946-03,-0.0060
GISTEMP,1946-03,0.0
GCAG,1946-02,0.0864
GISTEMP,1946-02,0.06
GCAG,1946-01,0.2207
GISTEMP,1946-01,0.15
GCAG,1945-12,-0.0525
GISTEMP,1945-12,-0.09
GCAG,1945-11,0.1942
GISTEMP,1945-11,0.1
GCAG,1945-10,0.2597
GISTEMP,1945-10,0.23
GCAG,1945-09,0.2552
GISTEMP,1945-09,0.22
GCAG,1945-08,0.3533
GISTEMP,1945-08,0.26
GCAG,1945-07,0.1655
GISTEMP,1945-07,0.08
GCAG,1945-06,0.1408
GISTEMP,1945-06,0.04
GCAG,1945-05,0.1714
GISTEMP,1945-05,0.11
GCAG,1945-04,0.2785
GISTEMP,1945-04,0.24
GCAG,1945-03,0.1095
GISTEMP,1945-03,0.11
GCAG,1945-02,0.0136
GISTEMP,1945-02,0.05
GCAG,1945-01,0.1548
GISTEMP,1945-01,0.15
GCAG,1944-12,0.0951
GISTEMP,1944-12,0.08
GCAG,1944-11,0.1444
GISTEMP,1944-11,0.13
GCAG,1944-10,0.3167
GISTEMP,1944-10,0.28
GCAG,1944-09,0.3841
GISTEMP,1944-09,0.32
GCAG,1944-08,0.2687
GISTEMP,1944-08,0.23
GCAG,1944-07,0.3109
GISTEMP,1944-07,0.23
GCAG,1944-06,0.3348
GISTEMP,1944-06,0.23
GCAG,1944-05,0.2615
GISTEMP,1944-05,0.27
GCAG,1944-04,0.2649
GISTEMP,1944-04,0.27
GCAG,1944-03,0.3608
GISTEMP,1944-03,0.35
GCAG,1944-02,0.2993
GISTEMP,1944-02,0.32
GCAG,1944-01,0.4269
GISTEMP,1944-01,0.42
GCAG,1943-12,0.3616
GISTEMP,1943-12,0.28
GCAG,1943-11,0.2497
GISTEMP,1943-11,0.26
GCAG,1943-10,0.3124
GISTEMP,1943-10,0.31
GCAG,1943-09,0.1435
GISTEMP,1943-09,0.12
GCAG,1943-08,0.0979
GISTEMP,1943-08,0.03
GCAG,1943-07,0.1862
GISTEMP,1943-07,0.15
GCAG,1943-06,0.0238
GISTEMP,1943-06,0.01
GCAG,1943-05,0.1343
GISTEMP,1943-05,0.11
GCAG,1943-04,0.1731
GISTEMP,1943-04,0.14
GCAG,1943-03,0.0756
GISTEMP,1943-03,0.02
GCAG,1943-02,0.1680
GISTEMP,1943-02,0.22
GCAG,1943-01,-0.0300
GISTEMP,1943-01,0.0
GCAG,1942-12,0.1460
GISTEMP,1942-12,0.13
GCAG,1942-11,0.1646
GISTEMP,1942-11,0.13
GCAG,1942-10,0.1447
GISTEMP,1942-10,0.07
GCAG,1942-09,0.1124
GISTEMP,1942-09,0.0
GCAG,1942-08,0.0385
GISTEMP,1942-08,-0.02
GCAG,1942-07,0.0766
GISTEMP,1942-07,0.02
GCAG,1942-06,0.2064
GISTEMP,1942-06,0.11
GCAG,1942-05,0.1617
GISTEMP,1942-05,0.14
GCAG,1942-04,0.1878
GISTEMP,1942-04,0.13
GCAG,1942-03,0.1729
GISTEMP,1942-03,0.11
GCAG,1942-02,0.0991
GISTEMP,1942-02,0.06
GCAG,1942-01,0.2998
GISTEMP,1942-01,0.28
GCAG,1941-12,0.2065
GISTEMP,1941-12,0.15
GCAG,1941-11,0.2188
GISTEMP,1941-11,0.13
GCAG,1941-10,0.3121
GISTEMP,1941-10,0.25
GCAG,1941-09,0.0852
GISTEMP,1941-09,0.03
GCAG,1941-08,0.1721
GISTEMP,1941-08,0.15
GCAG,1941-07,0.2051
GISTEMP,1941-07,0.16
GCAG,1941-06,0.1619
GISTEMP,1941-06,0.05
GCAG,1941-05,0.2427
GISTEMP,1941-05,0.1
GCAG,1941-04,0.2206
GISTEMP,1941-04,0.11
GCAG,1941-03,0.1031
GISTEMP,1941-03,0.06
GCAG,1941-02,0.2297
GISTEMP,1941-02,0.22
GCAG,1941-01,0.1784
GISTEMP,1941-01,0.12
GCAG,1940-12,0.2709
GISTEMP,1940-12,0.2
GCAG,1940-11,0.1005
GISTEMP,1940-11,0.13
GCAG,1940-10,0.1036
GISTEMP,1940-10,0.08
GCAG,1940-09,0.1480
GISTEMP,1940-09,0.13
GCAG,1940-08,0.0959
GISTEMP,1940-08,0.02
GCAG,1940-07,0.1479
GISTEMP,1940-07,0.11
GCAG,1940-06,0.1066
GISTEMP,1940-06,0.06
GCAG,1940-05,0.0558
GISTEMP,1940-05,0.07
GCAG,1940-04,0.1291
GISTEMP,1940-04,0.16
GCAG,1940-03,0.0664
GISTEMP,1940-03,0.12
GCAG,1940-02,0.0517
GISTEMP,1940-02,0.06
GCAG,1940-01,-0.1209
GISTEMP,1940-01,-0.13
GCAG,1939-12,0.4114
GISTEMP,1939-12,0.41
GCAG,1939-11,0.0491
GISTEMP,1939-11,0.06
GCAG,1939-10,-0.0384
GISTEMP,1939-10,-0.02
GCAG,1939-09,0.0146
GISTEMP,1939-09,0.01
GCAG,1939-08,0.0597
GISTEMP,1939-08,-0.04
GCAG,1939-07,0.0076
GISTEMP,1939-07,-0.05
GCAG,1939-06,-0.0100
GISTEMP,1939-06,-0.07
GCAG,1939-05,-0.0344
GISTEMP,1939-05,-0.06
GCAG,1939-04,-0.1283
GISTEMP,1939-04,-0.12
GCAG,1939-03,-0.1868
GISTEMP,1939-03,-0.19
GCAG,1939-02,-0.1071
GISTEMP,1939-02,-0.11
GCAG,1939-01,-0.1618
GISTEMP,1939-01,-0.12
GCAG,1938-12,-0.2544
GISTEMP,1938-12,-0.23
GCAG,1938-11,0.0045
GISTEMP,1938-11,0.03
GCAG,1938-10,0.0715
GISTEMP,1938-10,0.13
GCAG,1938-09,0.0308
GISTEMP,1938-09,0.04
GCAG,1938-08,-0.0170
GISTEMP,1938-08,-0.04
GCAG,1938-07,-0.0483
GISTEMP,1938-07,-0.08
GCAG,1938-06,-0.0918
GISTEMP,1938-06,-0.16
GCAG,1938-05,-0.0190
GISTEMP,1938-05,-0.07
GCAG,1938-04,0.0431
GISTEMP,1938-04,0.05
GCAG,1938-03,0.0312
GISTEMP,1938-03,0.07
GCAG,1938-02,-0.0523
GISTEMP,1938-02,-0.02
GCAG,1938-01,-0.0371
GISTEMP,1938-01,0.02
GCAG,1937-12,-0.0867
GISTEMP,1937-12,-0.1
GCAG,1937-11,0.0100
GISTEMP,1937-11,0.1
GCAG,1937-10,0.1135
GISTEMP,1937-10,0.1
GCAG,1937-09,0.1298
GISTEMP,1937-09,0.14
GCAG,1937-08,0.0909
GISTEMP,1937-08,0.04
GCAG,1937-07,-0.0019
GISTEMP,1937-07,-0.04
GCAG,1937-06,0.0122
GISTEMP,1937-06,-0.07
GCAG,1937-05,-0.0193
GISTEMP,1937-05,-0.06
GCAG,1937-04,-0.1246
GISTEMP,1937-04,-0.16
GCAG,1937-03,-0.1823
GISTEMP,1937-03,-0.16
GCAG,1937-02,0.0401
GISTEMP,1937-02,0.06
GCAG,1937-01,-0.1694
GISTEMP,1937-01,-0.08
GCAG,1936-12,-0.0165
GISTEMP,1936-12,-0.02
GCAG,1936-11,-0.0239
GISTEMP,1936-11,-0.04
GCAG,1936-10,-0.0199
GISTEMP,1936-10,-0.02
GCAG,1936-09,-0.0373
GISTEMP,1936-09,-0.05
GCAG,1936-08,-0.0516
GISTEMP,1936-08,-0.11
GCAG,1936-07,-0.0085
GISTEMP,1936-07,-0.05
GCAG,1936-06,-0.1057
GISTEMP,1936-06,-0.18
GCAG,1936-05,-0.1143
GISTEMP,1936-05,-0.16
GCAG,1936-04,-0.1780
GISTEMP,1936-04,-0.2
GCAG,1936-03,-0.2103
GISTEMP,1936-03,-0.25
GCAG,1936-02,-0.3138
GISTEMP,1936-02,-0.39
GCAG,1936-01,-0.2530
GISTEMP,1936-01,-0.29
GCAG,1935-12,-0.1725
GISTEMP,1935-12,-0.21
GCAG,1935-11,-0.2675
GISTEMP,1935-11,-0.28
GCAG,1935-10,-0.0104
GISTEMP,1935-10,-0.07
GCAG,1935-09,-0.0900
GISTEMP,1935-09,-0.17
GCAG,1935-08,-0.1003
GISTEMP,1935-08,-0.17
GCAG,1935-07,-0.1148
GISTEMP,1935-07,-0.19
GCAG,1935-06,-0.1719
GISTEMP,1935-06,-0.22
GCAG,1935-05,-0.2006
GISTEMP,1935-05,-0.26
GCAG,1935-04,-0.2544
GISTEMP,1935-04,-0.35
GCAG,1935-03,-0.1488
GISTEMP,1935-03,-0.14
GCAG,1935-02,0.1676
GISTEMP,1935-02,0.11
GCAG,1935-01,-0.2896
GISTEMP,1935-01,-0.38
GCAG,1934-12,-0.0263
GISTEMP,1934-12,-0.08
GCAG,1934-11,0.0058
GISTEMP,1934-11,-0.01
GCAG,1934-10,-0.0691
GISTEMP,1934-10,-0.11
GCAG,1934-09,-0.1246
GISTEMP,1934-09,-0.15
GCAG,1934-08,-0.0570
GISTEMP,1934-08,-0.1
GCAG,1934-07,-0.0942
GISTEMP,1934-07,-0.11
GCAG,1934-06,-0.0086
GISTEMP,1934-06,-0.13
GCAG,1934-05,-0.0457
GISTEMP,1934-05,-0.11
GCAG,1934-04,-0.2313
GISTEMP,1934-04,-0.27
GCAG,1934-03,-0.2569
GISTEMP,1934-03,-0.29
GCAG,1934-02,-0.0190
GISTEMP,1934-02,-0.03
GCAG,1934-01,-0.3110
GISTEMP,1934-01,-0.25
GCAG,1933-12,-0.4067
GISTEMP,1933-12,-0.46
GCAG,1933-11,-0.2559
GISTEMP,1933-11,-0.32
GCAG,1933-10,-0.1838
GISTEMP,1933-10,-0.23
GCAG,1933-09,-0.2188
GISTEMP,1933-09,-0.26
GCAG,1933-08,-0.1850
GISTEMP,1933-08,-0.23
GCAG,1933-07,-0.1794
GISTEMP,1933-07,-0.2
GCAG,1933-06,-0.1968
GISTEMP,1933-06,-0.32
GCAG,1933-05,-0.2047
GISTEMP,1933-05,-0.25
GCAG,1933-04,-0.2013
GISTEMP,1933-04,-0.23
GCAG,1933-03,-0.2453
GISTEMP,1933-03,-0.28
GCAG,1933-02,-0.3107
GISTEMP,1933-02,-0.3
GCAG,1933-01,-0.3070
GISTEMP,1933-01,-0.31
GCAG,1932-12,-0.1853
GISTEMP,1932-12,-0.22
GCAG,1932-11,-0.1948
GISTEMP,1932-11,-0.27
GCAG,1932-10,-0.0899
GISTEMP,1932-10,-0.09
GCAG,1932-09,-0.0685
GISTEMP,1932-09,-0.11
GCAG,1932-08,-0.1728
GISTEMP,1932-08,-0.24
GCAG,1932-07,-0.1191
GISTEMP,1932-07,-0.23
GCAG,1932-06,-0.1525
GISTEMP,1932-06,-0.28
GCAG,1932-05,-0.1623
GISTEMP,1932-05,-0.21
GCAG,1932-04,-0.0321
GISTEMP,1932-04,-0.07
GCAG,1932-03,-0.1787
GISTEMP,1932-03,-0.19
GCAG,1932-02,-0.1739
GISTEMP,1932-02,-0.17
GCAG,1932-01,0.1563
GISTEMP,1932-01,0.13
GCAG,1931-12,-0.1032
GISTEMP,1931-12,-0.09
GCAG,1931-11,-0.1130
GISTEMP,1931-11,-0.11
GCAG,1931-10,0.0149
GISTEMP,1931-10,0.0
GCAG,1931-09,0.0052
GISTEMP,1931-09,-0.06
GCAG,1931-08,0.0081
GISTEMP,1931-08,0.0
GCAG,1931-07,-0.0103
GISTEMP,1931-07,0.01
GCAG,1931-06,-0.0197
GISTEMP,1931-06,-0.05
GCAG,1931-05,-0.1496
GISTEMP,1931-05,-0.22
GCAG,1931-04,-0.1574
GISTEMP,1931-04,-0.2
GCAG,1931-03,-0.0042
GISTEMP,1931-03,-0.06
GCAG,1931-02,-0.2220
GISTEMP,1931-02,-0.2
GCAG,1931-01,-0.0444
GISTEMP,1931-01,-0.1
GCAG,1930-12,0.0083
GISTEMP,1930-12,-0.08
GCAG,1930-11,0.1432
GISTEMP,1930-11,0.14
GCAG,1930-10,0.0048
GISTEMP,1930-10,-0.08
GCAG,1930-09,-0.0984
GISTEMP,1930-09,-0.1
GCAG,1930-08,-0.0789
GISTEMP,1930-08,-0.1
GCAG,1930-07,-0.0599
GISTEMP,1930-07,-0.16
GCAG,1930-06,-0.1103
GISTEMP,1930-06,-0.17
GCAG,1930-05,-0.1952
GISTEMP,1930-05,-0.24
GCAG,1930-04,-0.1938
GISTEMP,1930-04,-0.24
GCAG,1930-03,-0.0596
GISTEMP,1930-03,-0.1
GCAG,1930-02,-0.2034
GISTEMP,1930-02,-0.23
GCAG,1930-01,-0.3215
GISTEMP,1930-01,-0.29
GCAG,1929-12,-0.5072
GISTEMP,1929-12,-0.53
GCAG,1929-11,-0.0950
GISTEMP,1929-11,-0.15
GCAG,1929-10,-0.1148
GISTEMP,1929-10,-0.15
GCAG,1929-09,-0.2084
GISTEMP,1929-09,-0.23
GCAG,1929-08,-0.2061
GISTEMP,1929-08,-0.29
GCAG,1929-07,-0.2696
GISTEMP,1929-07,-0.32
GCAG,1929-06,-0.2719
GISTEMP,1929-06,-0.43
GCAG,1929-05,-0.2843
GISTEMP,1929-05,-0.39
GCAG,1929-04,-0.2940
GISTEMP,1929-04,-0.41
GCAG,1929-03,-0.2595
GISTEMP,1929-03,-0.34
GCAG,1929-02,-0.5382
GISTEMP,1929-02,-0.58
GCAG,1929-01,-0.4752
GISTEMP,1929-01,-0.48
GCAG,1928-12,-0.1615
GISTEMP,1928-12,-0.2
GCAG,1928-11,-0.0647
GISTEMP,1928-11,-0.1
GCAG,1928-10,-0.1164
GISTEMP,1928-10,-0.19
GCAG,1928-09,-0.1810
GISTEMP,1928-09,-0.19
GCAG,1928-08,-0.1926
GISTEMP,1928-08,-0.25
GCAG,1928-07,-0.1719
GISTEMP,1928-07,-0.2
GCAG,1928-06,-0.2704
GISTEMP,1928-06,-0.41
GCAG,1928-05,-0.1767
GISTEMP,1928-05,-0.3
GCAG,1928-04,-0.2392
GISTEMP,1928-04,-0.28
GCAG,1928-03,-0.2575
GISTEMP,1928-03,-0.28
GCAG,1928-02,-0.1366
GISTEMP,1928-02,-0.12
GCAG,1928-01,-0.0697
GISTEMP,1928-01,-0.04
GCAG,1927-12,-0.3002
GISTEMP,1927-12,-0.36
GCAG,1927-11,-0.0329
GISTEMP,1927-11,-0.04
GCAG,1927-10,0.0244
GISTEMP,1927-10,-0.01
GCAG,1927-09,-0.0195
GISTEMP,1927-09,-0.05
GCAG,1927-08,-0.1061
GISTEMP,1927-08,-0.19
GCAG,1927-07,-0.0947
GISTEMP,1927-07,-0.13
GCAG,1927-06,-0.1935
GISTEMP,1927-06,-0.27
GCAG,1927-05,-0.2184
GISTEMP,1927-05,-0.24
GCAG,1927-04,-0.2106
GISTEMP,1927-04,-0.31
GCAG,1927-03,-0.2482
GISTEMP,1927-03,-0.38
GCAG,1927-02,-0.1792
GISTEMP,1927-02,-0.19
GCAG,1927-01,-0.1651
GISTEMP,1927-01,-0.28
GCAG,1926-12,-0.1995
GISTEMP,1926-12,-0.3
GCAG,1926-11,-0.0703
GISTEMP,1926-11,-0.07
GCAG,1926-10,-0.0738
GISTEMP,1926-10,-0.11
GCAG,1926-09,-0.0970
GISTEMP,1926-09,-0.11
GCAG,1926-08,-0.0796
GISTEMP,1926-08,-0.1
GCAG,1926-07,-0.1507
GISTEMP,1926-07,-0.2
GCAG,1926-06,-0.1156
GISTEMP,1926-06,-0.25
GCAG,1926-05,-0.1228
GISTEMP,1926-05,-0.25
GCAG,1926-04,-0.1213
GISTEMP,1926-04,-0.15
GCAG,1926-03,0.0844
GISTEMP,1926-03,0.13
GCAG,1926-02,0.0928
GISTEMP,1926-02,0.08
GCAG,1926-01,0.1777
GISTEMP,1926-01,0.2
GCAG,1925-12,0.1498
GISTEMP,1925-12,0.1
GCAG,1925-11,0.0689
GISTEMP,1925-11,0.04
GCAG,1925-10,-0.1182
GISTEMP,1925-10,-0.17
GCAG,1925-09,-0.0943
GISTEMP,1925-09,-0.13
GCAG,1925-08,-0.1272
GISTEMP,1925-08,-0.17
GCAG,1925-07,-0.1994
GISTEMP,1925-07,-0.29
GCAG,1925-06,-0.2192
GISTEMP,1925-06,-0.33
GCAG,1925-05,-0.2111
GISTEMP,1925-05,-0.3
GCAG,1925-04,-0.1561
GISTEMP,1925-04,-0.24
GCAG,1925-03,-0.1601
GISTEMP,1925-03,-0.22
GCAG,1925-02,-0.2692
GISTEMP,1925-02,-0.33
GCAG,1925-01,-0.3092
GISTEMP,1925-01,-0.32
GCAG,1924-12,-0.3884
GISTEMP,1924-12,-0.41
GCAG,1924-11,-0.2879
GISTEMP,1924-11,-0.23
GCAG,1924-10,-0.2769
GISTEMP,1924-10,-0.35
GCAG,1924-09,-0.2751
GISTEMP,1924-09,-0.3
GCAG,1924-08,-0.2800
GISTEMP,1924-08,-0.34
GCAG,1924-07,-0.2107
GISTEMP,1924-07,-0.26
GCAG,1924-06,-0.2173
GISTEMP,1924-06,-0.27
GCAG,1924-05,-0.1810
GISTEMP,1924-05,-0.18
GCAG,1924-04,-0.2366
GISTEMP,1924-04,-0.34
GCAG,1924-03,-0.1079
GISTEMP,1924-03,-0.12
GCAG,1924-02,-0.1786
GISTEMP,1924-02,-0.26
GCAG,1924-01,-0.2430
GISTEMP,1924-01,-0.23
GCAG,1923-12,0.0126
GISTEMP,1923-12,-0.05
GCAG,1923-11,0.0380
GISTEMP,1923-11,0.03
GCAG,1923-10,-0.1517
GISTEMP,1923-10,-0.12
GCAG,1923-09,-0.2377
GISTEMP,1923-09,-0.27
GCAG,1923-08,-0.2726
GISTEMP,1923-08,-0.29
GCAG,1923-07,-0.2720
GISTEMP,1923-07,-0.28
GCAG,1923-06,-0.1871
GISTEMP,1923-06,-0.23
GCAG,1923-05,-0.2428
GISTEMP,1923-05,-0.32
GCAG,1923-04,-0.3317
GISTEMP,1923-04,-0.38
GCAG,1923-03,-0.2607
GISTEMP,1923-03,-0.31
GCAG,1923-02,-0.3704
GISTEMP,1923-02,-0.37
GCAG,1923-01,-0.2085
GISTEMP,1923-01,-0.27
GCAG,1922-12,-0.1468
GISTEMP,1922-12,-0.17
GCAG,1922-11,-0.1835
GISTEMP,1922-11,-0.16
GCAG,1922-10,-0.2398
GISTEMP,1922-10,-0.32
GCAG,1922-09,-0.2472
GISTEMP,1922-09,-0.28
GCAG,1922-08,-0.2708
GISTEMP,1922-08,-0.31
GCAG,1922-07,-0.2544
GISTEMP,1922-07,-0.25
GCAG,1922-06,-0.2748
GISTEMP,1922-06,-0.32
GCAG,1922-05,-0.2566
GISTEMP,1922-05,-0.34
GCAG,1922-04,-0.1208
GISTEMP,1922-04,-0.21
GCAG,1922-03,-0.0702
GISTEMP,1922-03,-0.13
GCAG,1922-02,-0.2857
GISTEMP,1922-02,-0.42
GCAG,1922-01,-0.3150
GISTEMP,1922-01,-0.33
GCAG,1921-12,-0.0752
GISTEMP,1921-12,-0.18
GCAG,1921-11,-0.1769
GISTEMP,1921-11,-0.17
GCAG,1921-10,-0.0587
GISTEMP,1921-10,-0.06
GCAG,1921-09,-0.1404
GISTEMP,1921-09,-0.16
GCAG,1921-08,-0.1864
GISTEMP,1921-08,-0.23
GCAG,1921-07,-0.1053
GISTEMP,1921-07,-0.15
GCAG,1921-06,-0.1582
GISTEMP,1921-06,-0.3
GCAG,1921-05,-0.1841
GISTEMP,1921-05,-0.35
GCAG,1921-04,-0.1985
GISTEMP,1921-04,-0.36
GCAG,1921-03,-0.2121
GISTEMP,1921-03,-0.28
GCAG,1921-02,-0.1428
GISTEMP,1921-02,-0.21
GCAG,1921-01,-0.0523
GISTEMP,1921-01,-0.04
GCAG,1920-12,-0.3810
GISTEMP,1920-12,-0.46
GCAG,1920-11,-0.2462
GISTEMP,1920-11,-0.33
GCAG,1920-10,-0.2040
GISTEMP,1920-10,-0.28
GCAG,1920-09,-0.1691
GISTEMP,1920-09,-0.19
GCAG,1920-08,-0.2216
GISTEMP,1920-08,-0.29
GCAG,1920-07,-0.2375
GISTEMP,1920-07,-0.31
GCAG,1920-06,-0.2491
GISTEMP,1920-06,-0.32
GCAG,1920-05,-0.1636
GISTEMP,1920-05,-0.25
GCAG,1920-04,-0.2055
GISTEMP,1920-04,-0.26
GCAG,1920-03,-0.0540
GISTEMP,1920-03,-0.06
GCAG,1920-02,-0.2226
GISTEMP,1920-02,-0.23
GCAG,1920-01,-0.1108
GISTEMP,1920-01,-0.15
GCAG,1919-12,-0.2911
GISTEMP,1919-12,-0.35
GCAG,1919-11,-0.3111
GISTEMP,1919-11,-0.3
GCAG,1919-10,-0.2137
GISTEMP,1919-10,-0.15
GCAG,1919-09,-0.1724
GISTEMP,1919-09,-0.17
GCAG,1919-08,-0.2007
GISTEMP,1919-08,-0.19
GCAG,1919-07,-0.2061
GISTEMP,1919-07,-0.21
GCAG,1919-06,-0.2273
GISTEMP,1919-06,-0.27
GCAG,1919-05,-0.1775
GISTEMP,1919-05,-0.19
GCAG,1919-04,-0.0648
GISTEMP,1919-04,-0.19
GCAG,1919-03,-0.2313
GISTEMP,1919-03,-0.26
GCAG,1919-02,-0.0500
GISTEMP,1919-02,-0.22
GCAG,1919-01,-0.2333
GISTEMP,1919-01,-0.19
GCAG,1918-12,-0.3109
GISTEMP,1918-12,-0.28
GCAG,1918-11,-0.1047
GISTEMP,1918-11,-0.15
GCAG,1918-10,-0.0890
GISTEMP,1918-10,-0.03
GCAG,1918-09,-0.1380
GISTEMP,1918-09,-0.14
GCAG,1918-08,-0.1653
GISTEMP,1918-08,-0.26
GCAG,1918-07,-0.1913
GISTEMP,1918-07,-0.19
GCAG,1918-06,-0.1674
GISTEMP,1918-06,-0.27
GCAG,1918-05,-0.2714
GISTEMP,1918-05,-0.37
GCAG,1918-04,-0.2910
GISTEMP,1918-04,-0.39
GCAG,1918-03,-0.1735
GISTEMP,1918-03,-0.2
GCAG,1918-02,-0.2823
GISTEMP,1918-02,-0.32
GCAG,1918-01,-0.2065
GISTEMP,1918-01,-0.43
GCAG,1917-12,-0.5258
GISTEMP,1917-12,-0.71
GCAG,1917-11,-0.1253
GISTEMP,1917-11,-0.29
GCAG,1917-10,-0.2563
GISTEMP,1917-10,-0.36
GCAG,1917-09,-0.0521
GISTEMP,1917-09,-0.18
GCAG,1917-08,-0.1658
GISTEMP,1917-08,-0.26
GCAG,1917-07,-0.1646
GISTEMP,1917-07,-0.22
GCAG,1917-06,-0.3367
GISTEMP,1917-06,-0.39
GCAG,1917-05,-0.4437
GISTEMP,1917-05,-0.48
GCAG,1917-04,-0.3081
GISTEMP,1917-04,-0.4
GCAG,1917-03,-0.4222
GISTEMP,1917-03,-0.49
GCAG,1917-02,-0.4659
GISTEMP,1917-02,-0.55
GCAG,1917-01,-0.4205
GISTEMP,1917-01,-0.47
GCAG,1916-12,-0.5668
GISTEMP,1916-12,-0.79
GCAG,1916-11,-0.3879
GISTEMP,1916-11,-0.43
GCAG,1916-10,-0.2588
GISTEMP,1916-10,-0.27
GCAG,1916-09,-0.2546
GISTEMP,1916-09,-0.28
GCAG,1916-08,-0.2701
GISTEMP,1916-08,-0.26
GCAG,1916-07,-0.2821
GISTEMP,1916-07,-0.33
GCAG,1916-06,-0.3777
GISTEMP,1916-06,-0.43
GCAG,1916-05,-0.2193
GISTEMP,1916-05,-0.26
GCAG,1916-04,-0.1944
GISTEMP,1916-04,-0.25
GCAG,1916-03,-0.2912
GISTEMP,1916-03,-0.3
GCAG,1916-02,-0.1703
GISTEMP,1916-02,-0.22
GCAG,1916-01,-0.1748
GISTEMP,1916-01,-0.21
GCAG,1915-12,-0.0448
GISTEMP,1915-12,-0.26
GCAG,1915-11,-0.0060
GISTEMP,1915-11,-0.13
GCAG,1915-10,-0.1674
GISTEMP,1915-10,-0.22
GCAG,1915-09,-0.1065
GISTEMP,1915-09,-0.11
GCAG,1915-08,-0.0664
GISTEMP,1915-08,-0.14
GCAG,1915-07,-0.0235
GISTEMP,1915-07,-0.02
GCAG,1915-06,-0.0781
GISTEMP,1915-06,-0.14
GCAG,1915-05,-0.0635
GISTEMP,1915-05,-0.01
GCAG,1915-04,0.0253
GISTEMP,1915-04,0.07
GCAG,1915-03,-0.0972
GISTEMP,1915-03,-0.09
GCAG,1915-02,-0.0080
GISTEMP,1915-02,-0.02
GCAG,1915-01,-0.1332
GISTEMP,1915-01,-0.2
GCAG,1914-12,-0.0953
GISTEMP,1914-12,-0.1
GCAG,1914-11,-0.1131
GISTEMP,1914-11,-0.2
GCAG,1914-10,-0.0874
GISTEMP,1914-10,-0.04
GCAG,1914-09,-0.1745
GISTEMP,1914-09,-0.12
GCAG,1914-08,-0.1692
GISTEMP,1914-08,-0.14
GCAG,1914-07,-0.2004
GISTEMP,1914-07,-0.23
GCAG,1914-06,-0.1840
GISTEMP,1914-06,-0.21
GCAG,1914-05,-0.1569
GISTEMP,1914-05,-0.18
GCAG,1914-04,-0.2418
GISTEMP,1914-04,-0.26
GCAG,1914-03,-0.1533
GISTEMP,1914-03,-0.22
GCAG,1914-02,-0.1080
GISTEMP,1914-02,-0.14
GCAG,1914-01,0.1038
GISTEMP,1914-01,0.02
GCAG,1913-12,-0.0303
GISTEMP,1913-12,-0.02
GCAG,1913-11,-0.1271
GISTEMP,1913-11,-0.17
GCAG,1913-10,-0.3042
GISTEMP,1913-10,-0.33
GCAG,1913-09,-0.3459
GISTEMP,1913-09,-0.31
GCAG,1913-08,-0.3187
GISTEMP,1913-08,-0.31
GCAG,1913-07,-0.3447
GISTEMP,1913-07,-0.33
GCAG,1913-06,-0.3698
GISTEMP,1913-06,-0.44
GCAG,1913-05,-0.3867
GISTEMP,1913-05,-0.44
GCAG,1913-04,-0.3416
GISTEMP,1913-04,-0.35
GCAG,1913-03,-0.4011
GISTEMP,1913-03,-0.43
GCAG,1913-02,-0.3797
GISTEMP,1913-02,-0.43
GCAG,1913-01,-0.3454
GISTEMP,1913-01,-0.4
GCAG,1912-12,-0.3518
GISTEMP,1912-12,-0.41
GCAG,1912-11,-0.4091
GISTEMP,1912-11,-0.38
GCAG,1912-10,-0.5139
GISTEMP,1912-10,-0.55
GCAG,1912-09,-0.4823
GISTEMP,1912-09,-0.46
GCAG,1912-08,-0.4445
GISTEMP,1912-08,-0.51
GCAG,1912-07,-0.3108
GISTEMP,1912-07,-0.4
GCAG,1912-06,-0.2517
GISTEMP,1912-06,-0.25
GCAG,1912-05,-0.2181
GISTEMP,1912-05,-0.19
GCAG,1912-04,-0.1957
GISTEMP,1912-04,-0.2
GCAG,1912-03,-0.3034
GISTEMP,1912-03,-0.36
GCAG,1912-02,-0.1037
GISTEMP,1912-02,-0.14
GCAG,1912-01,-0.2692
GISTEMP,1912-01,-0.27
GCAG,1911-12,-0.2305
GISTEMP,1911-12,-0.25
GCAG,1911-11,-0.2438
GISTEMP,1911-11,-0.19
GCAG,1911-10,-0.3288
GISTEMP,1911-10,-0.25
GCAG,1911-09,-0.3847
GISTEMP,1911-09,-0.37
GCAG,1911-08,-0.4432
GISTEMP,1911-08,-0.42
GCAG,1911-07,-0.4543
GISTEMP,1911-07,-0.4
GCAG,1911-06,-0.4336
GISTEMP,1911-06,-0.46
GCAG,1911-05,-0.4670
GISTEMP,1911-05,-0.51
GCAG,1911-04,-0.5042
GISTEMP,1911-04,-0.54
GCAG,1911-03,-0.5643
GISTEMP,1911-03,-0.62
GCAG,1911-02,-0.5222
GISTEMP,1911-02,-0.6
GCAG,1911-01,-0.5030
GISTEMP,1911-01,-0.63
GCAG,1910-12,-0.5580
GISTEMP,1910-12,-0.69
GCAG,1910-11,-0.4899
GISTEMP,1910-11,-0.56
GCAG,1910-10,-0.4120
GISTEMP,1910-10,-0.38
GCAG,1910-09,-0.3244
GISTEMP,1910-09,-0.36
GCAG,1910-08,-0.3267
GISTEMP,1910-08,-0.33
GCAG,1910-07,-0.3223
GISTEMP,1910-07,-0.3
GCAG,1910-06,-0.3484
GISTEMP,1910-06,-0.35
GCAG,1910-05,-0.2990
GISTEMP,1910-05,-0.33
GCAG,1910-04,-0.3349
GISTEMP,1910-04,-0.38
GCAG,1910-03,-0.4179
GISTEMP,1910-03,-0.47
GCAG,1910-02,-0.3542
GISTEMP,1910-02,-0.43
GCAG,1910-01,-0.3008
GISTEMP,1910-01,-0.44
GCAG,1909-12,-0.4049
GISTEMP,1909-12,-0.54
GCAG,1909-11,-0.2723
GISTEMP,1909-11,-0.32
GCAG,1909-10,-0.3893
GISTEMP,1909-10,-0.38
GCAG,1909-09,-0.3587
GISTEMP,1909-09,-0.37
GCAG,1909-08,-0.3029
GISTEMP,1909-08,-0.29
GCAG,1909-07,-0.4334
GISTEMP,1909-07,-0.42
GCAG,1909-06,-0.4123
GISTEMP,1909-06,-0.51
GCAG,1909-05,-0.4492
GISTEMP,1909-05,-0.53
GCAG,1909-04,-0.5273
GISTEMP,1909-04,-0.58
GCAG,1909-03,-0.5366
GISTEMP,1909-03,-0.51
GCAG,1909-02,-0.4539
GISTEMP,1909-02,-0.47
GCAG,1909-01,-0.5476
GISTEMP,1909-01,-0.7
GCAG,1908-12,-0.3794
GISTEMP,1908-12,-0.49
GCAG,1908-11,-0.4801
GISTEMP,1908-11,-0.5
GCAG,1908-10,-0.5127
GISTEMP,1908-10,-0.42
GCAG,1908-09,-0.3917
GISTEMP,1908-09,-0.32
GCAG,1908-08,-0.4754
GISTEMP,1908-08,-0.44
GCAG,1908-07,-0.3835
GISTEMP,1908-07,-0.34
GCAG,1908-06,-0.4034
GISTEMP,1908-06,-0.37
GCAG,1908-05,-0.3969
GISTEMP,1908-05,-0.39
GCAG,1908-04,-0.4778
GISTEMP,1908-04,-0.45
GCAG,1908-03,-0.6022
GISTEMP,1908-03,-0.57
GCAG,1908-02,-0.3741
GISTEMP,1908-02,-0.35
GCAG,1908-01,-0.3575
GISTEMP,1908-01,-0.45
GCAG,1907-12,-0.3900
GISTEMP,1907-12,-0.49
GCAG,1907-11,-0.5031
GISTEMP,1907-11,-0.51
GCAG,1907-10,-0.2997
GISTEMP,1907-10,-0.24
GCAG,1907-09,-0.3383
GISTEMP,1907-09,-0.31
GCAG,1907-08,-0.3345
GISTEMP,1907-08,-0.36
GCAG,1907-07,-0.3494
GISTEMP,1907-07,-0.34
GCAG,1907-06,-0.3717
GISTEMP,1907-06,-0.42
GCAG,1907-05,-0.4686
GISTEMP,1907-05,-0.45
GCAG,1907-04,-0.3507
GISTEMP,1907-04,-0.39
GCAG,1907-03,-0.2740
GISTEMP,1907-03,-0.24
GCAG,1907-02,-0.4021
GISTEMP,1907-02,-0.51
GCAG,1907-01,-0.3428
GISTEMP,1907-01,-0.43
GCAG,1906-12,-0.1615
GISTEMP,1906-12,-0.17
GCAG,1906-11,-0.3649
GISTEMP,1906-11,-0.38
GCAG,1906-10,-0.2773
GISTEMP,1906-10,-0.19
GCAG,1906-09,-0.2998
GISTEMP,1906-09,-0.24
GCAG,1906-08,-0.2321
GISTEMP,1906-08,-0.18
GCAG,1906-07,-0.2427
GISTEMP,1906-07,-0.25
GCAG,1906-06,-0.1685
GISTEMP,1906-06,-0.2
GCAG,1906-05,-0.2140
GISTEMP,1906-05,-0.19
GCAG,1906-04,-0.0483
GISTEMP,1906-04,-0.01
GCAG,1906-03,-0.1424
GISTEMP,1906-03,-0.14
GCAG,1906-02,-0.2339
GISTEMP,1906-02,-0.33
GCAG,1906-01,-0.1715
GISTEMP,1906-01,-0.29
GCAG,1905-12,-0.1304
GISTEMP,1905-12,-0.2
GCAG,1905-11,-0.0904
GISTEMP,1905-11,-0.07
GCAG,1905-10,-0.2946
GISTEMP,1905-10,-0.22
GCAG,1905-09,-0.2186
GISTEMP,1905-09,-0.13
GCAG,1905-08,-0.2206
GISTEMP,1905-08,-0.2
GCAG,1905-07,-0.1847
GISTEMP,1905-07,-0.23
GCAG,1905-06,-0.2447
GISTEMP,1905-06,-0.3
GCAG,1905-05,-0.2913
GISTEMP,1905-05,-0.32
GCAG,1905-04,-0.4506
GISTEMP,1905-04,-0.35
GCAG,1905-03,-0.3933
GISTEMP,1905-03,-0.24
GCAG,1905-02,-0.6204
GISTEMP,1905-02,-0.58
GCAG,1905-01,-0.3527
GISTEMP,1905-01,-0.37
GCAG,1904-12,-0.2417
GISTEMP,1904-12,-0.28
GCAG,1904-11,-0.1658
GISTEMP,1904-11,-0.16
GCAG,1904-10,-0.4055
GISTEMP,1904-10,-0.34
GCAG,1904-09,-0.4632
GISTEMP,1904-09,-0.46
GCAG,1904-08,-0.4252
GISTEMP,1904-08,-0.43
GCAG,1904-07,-0.4564
GISTEMP,1904-07,-0.47
GCAG,1904-06,-0.4414
GISTEMP,1904-06,-0.48
GCAG,1904-05,-0.4287
GISTEMP,1904-05,-0.49
GCAG,1904-04,-0.4747
GISTEMP,1904-04,-0.5
GCAG,1904-03,-0.5131
GISTEMP,1904-03,-0.45
GCAG,1904-02,-0.4670
GISTEMP,1904-02,-0.54
GCAG,1904-01,-0.5419
GISTEMP,1904-01,-0.64
GCAG,1903-12,-0.3886
GISTEMP,1903-12,-0.47
GCAG,1903-11,-0.3957
GISTEMP,1903-11,-0.38
GCAG,1903-10,-0.4388
GISTEMP,1903-10,-0.41
GCAG,1903-09,-0.3772
GISTEMP,1903-09,-0.42
GCAG,1903-08,-0.4338
GISTEMP,1903-08,-0.43
GCAG,1903-07,-0.3332
GISTEMP,1903-07,-0.29
GCAG,1903-06,-0.3793
GISTEMP,1903-06,-0.43
GCAG,1903-05,-0.3929
GISTEMP,1903-05,-0.4
GCAG,1903-04,-0.3586
GISTEMP,1903-04,-0.39
GCAG,1903-03,-0.2835
GISTEMP,1903-03,-0.22
GCAG,1903-02,-0.0897
GISTEMP,1903-02,-0.05
GCAG,1903-01,-0.2143
GISTEMP,1903-01,-0.27
GCAG,1902-12,-0.3713
GISTEMP,1902-12,-0.45
GCAG,1902-11,-0.3465
GISTEMP,1902-11,-0.35
GCAG,1902-10,-0.2871
GISTEMP,1902-10,-0.26
GCAG,1902-09,-0.2393
GISTEMP,1902-09,-0.2
GCAG,1902-08,-0.2662
GISTEMP,1902-08,-0.27
GCAG,1902-07,-0.2921
GISTEMP,1902-07,-0.25
GCAG,1902-06,-0.3391
GISTEMP,1902-06,-0.33
GCAG,1902-05,-0.2634
GISTEMP,1902-05,-0.29
GCAG,1902-04,-0.2745
GISTEMP,1902-04,-0.27
GCAG,1902-03,-0.2055
GISTEMP,1902-03,-0.28
GCAG,1902-02,-0.0440
GISTEMP,1902-02,-0.02
GCAG,1902-01,-0.0937
GISTEMP,1902-01,-0.19
GCAG,1901-12,-0.2421
GISTEMP,1901-12,-0.29
GCAG,1901-11,-0.1444
GISTEMP,1901-11,-0.16
GCAG,1901-10,-0.2841
GISTEMP,1901-10,-0.28
GCAG,1901-09,-0.2102
GISTEMP,1901-09,-0.16
GCAG,1901-08,-0.1361
GISTEMP,1901-08,-0.12
GCAG,1901-07,-0.1559
GISTEMP,1901-07,-0.08
GCAG,1901-06,-0.1324
GISTEMP,1901-06,-0.1
GCAG,1901-05,-0.1272
GISTEMP,1901-05,-0.17
GCAG,1901-04,-0.0685
GISTEMP,1901-04,-0.05
GCAG,1901-03,-0.0343
GISTEMP,1901-03,0.05
GCAG,1901-02,-0.0802
GISTEMP,1901-02,-0.04
GCAG,1901-01,-0.1296
GISTEMP,1901-01,-0.29
GCAG,1900-12,0.0284
GISTEMP,1900-12,-0.13
GCAG,1900-11,-0.1397
GISTEMP,1900-11,-0.12
GCAG,1900-10,0.0442
GISTEMP,1900-10,0.09
GCAG,1900-09,-0.0648
GISTEMP,1900-09,0.03
GCAG,1900-08,-0.0732
GISTEMP,1900-08,-0.03
GCAG,1900-07,-0.0767
GISTEMP,1900-07,-0.07
GCAG,1900-06,-0.0517
GISTEMP,1900-06,-0.14
GCAG,1900-05,-0.0423
GISTEMP,1900-05,-0.05
GCAG,1900-04,-0.0999
GISTEMP,1900-04,-0.14
GCAG,1900-03,-0.0484
GISTEMP,1900-03,0.02
GCAG,1900-02,-0.0998
GISTEMP,1900-02,-0.07
GCAG,1900-01,-0.2502
GISTEMP,1900-01,-0.39
GCAG,1899-12,-0.1682
GISTEMP,1899-12,-0.25
GCAG,1899-11,0.1534
GISTEMP,1899-11,0.13
GCAG,1899-10,0.0010
GISTEMP,1899-10,0.02
GCAG,1899-09,-0.0273
GISTEMP,1899-09,0.01
GCAG,1899-08,-0.0599
GISTEMP,1899-08,-0.03
GCAG,1899-07,-0.1082
GISTEMP,1899-07,-0.12
GCAG,1899-06,-0.1962
GISTEMP,1899-06,-0.25
GCAG,1899-05,-0.1196
GISTEMP,1899-05,-0.19
GCAG,1899-04,-0.1942
GISTEMP,1899-04,-0.2
GCAG,1899-03,-0.2610
GISTEMP,1899-03,-0.34
GCAG,1899-02,-0.2832
GISTEMP,1899-02,-0.39
GCAG,1899-01,-0.0986
GISTEMP,1899-01,-0.17
GCAG,1898-12,-0.0093
GISTEMP,1898-12,-0.21
GCAG,1898-11,-0.2401
GISTEMP,1898-11,-0.34
GCAG,1898-10,-0.3213
GISTEMP,1898-10,-0.31
GCAG,1898-09,-0.1979
GISTEMP,1898-09,-0.18
GCAG,1898-08,-0.2270
GISTEMP,1898-08,-0.22
GCAG,1898-07,-0.2416
GISTEMP,1898-07,-0.21
GCAG,1898-06,-0.2058
GISTEMP,1898-06,-0.19
GCAG,1898-05,-0.2953
GISTEMP,1898-05,-0.34
GCAG,1898-04,-0.3511
GISTEMP,1898-04,-0.32
GCAG,1898-03,-0.6582
GISTEMP,1898-03,-0.54
GCAG,1898-02,-0.2816
GISTEMP,1898-02,-0.32
GCAG,1898-01,-0.0444
GISTEMP,1898-01,-0.06
GCAG,1897-12,-0.2973
GISTEMP,1897-12,-0.24
GCAG,1897-11,-0.2395
GISTEMP,1897-11,-0.17
GCAG,1897-10,-0.1605
GISTEMP,1897-10,-0.08
GCAG,1897-09,-0.0248
GISTEMP,1897-09,-0.03
GCAG,1897-08,-0.0721
GISTEMP,1897-08,-0.02
GCAG,1897-07,-0.0409
GISTEMP,1897-07,-0.04
GCAG,1897-06,-0.1000
GISTEMP,1897-06,-0.11
GCAG,1897-05,-0.0260
GISTEMP,1897-05,0.01
GCAG,1897-04,-0.0050
GISTEMP,1897-04,0.0
GCAG,1897-03,-0.1873
GISTEMP,1897-03,-0.11
GCAG,1897-02,-0.1149
GISTEMP,1897-02,-0.19
GCAG,1897-01,-0.1904
GISTEMP,1897-01,-0.22
GCAG,1896-12,0.0467
GISTEMP,1896-12,-0.11
GCAG,1896-11,-0.1630
GISTEMP,1896-11,-0.15
GCAG,1896-10,-0.0067
GISTEMP,1896-10,0.05
GCAG,1896-09,-0.0629
GISTEMP,1896-09,-0.04
GCAG,1896-08,-0.0694
GISTEMP,1896-08,-0.09
GCAG,1896-07,-0.0463
GISTEMP,1896-07,-0.05
GCAG,1896-06,-0.0868
GISTEMP,1896-06,-0.13
GCAG,1896-05,-0.1038
GISTEMP,1896-05,-0.19
GCAG,1896-04,-0.2621
GISTEMP,1896-04,-0.32
GCAG,1896-03,-0.2083
GISTEMP,1896-03,-0.29
GCAG,1896-02,-0.0813
GISTEMP,1896-02,-0.15
GCAG,1896-01,-0.1033
GISTEMP,1896-01,-0.22
GCAG,1895-12,-0.0729
GISTEMP,1895-12,-0.12
GCAG,1895-11,-0.1578
GISTEMP,1895-11,-0.16
GCAG,1895-10,-0.1334
GISTEMP,1895-10,-0.1
GCAG,1895-09,-0.1313
GISTEMP,1895-09,-0.01
GCAG,1895-08,-0.2237
GISTEMP,1895-08,-0.15
GCAG,1895-07,-0.2001
GISTEMP,1895-07,-0.16
GCAG,1895-06,-0.2984
GISTEMP,1895-06,-0.24
GCAG,1895-05,-0.2095
GISTEMP,1895-05,-0.23
GCAG,1895-04,-0.1851
GISTEMP,1895-04,-0.22
GCAG,1895-03,-0.2854
GISTEMP,1895-03,-0.29
GCAG,1895-02,-0.4216
GISTEMP,1895-02,-0.42
GCAG,1895-01,-0.4390
GISTEMP,1895-01,-0.44
GCAG,1894-12,-0.2412
GISTEMP,1894-12,-0.22
GCAG,1894-11,-0.2981
GISTEMP,1894-11,-0.25
GCAG,1894-10,-0.2166
GISTEMP,1894-10,-0.16
GCAG,1894-09,-0.2532
GISTEMP,1894-09,-0.22
GCAG,1894-08,-0.2730
GISTEMP,1894-08,-0.28
GCAG,1894-07,-0.2716
GISTEMP,1894-07,-0.32
GCAG,1894-06,-0.3486
GISTEMP,1894-06,-0.43
GCAG,1894-05,-0.3020
GISTEMP,1894-05,-0.29
GCAG,1894-04,-0.3038
GISTEMP,1894-04,-0.41
GCAG,1894-03,-0.2060
GISTEMP,1894-03,-0.21
GCAG,1894-02,-0.2229
GISTEMP,1894-02,-0.31
GCAG,1894-01,-0.4338
GISTEMP,1894-01,-0.55
GCAG,1893-12,-0.2522
GISTEMP,1893-12,-0.37
GCAG,1893-11,-0.1667
GISTEMP,1893-11,-0.17
GCAG,1893-10,-0.2143
GISTEMP,1893-10,-0.16
GCAG,1893-09,-0.2615
GISTEMP,1893-09,-0.18
GCAG,1893-08,-0.3284
GISTEMP,1893-08,-0.23
GCAG,1893-07,-0.2034
GISTEMP,1893-07,-0.13
GCAG,1893-06,-0.2363
GISTEMP,1893-06,-0.23
GCAG,1893-05,-0.3433
GISTEMP,1893-05,-0.34
GCAG,1893-04,-0.3484
GISTEMP,1893-04,-0.32
GCAG,1893-03,-0.2272
GISTEMP,1893-03,-0.24
GCAG,1893-02,-0.6190
GISTEMP,1893-02,-0.5
GCAG,1893-01,-0.6817
GISTEMP,1893-01,-0.67
GCAG,1892-12,-0.4782
GISTEMP,1892-12,-0.28
GCAG,1892-11,-0.4750
GISTEMP,1892-11,-0.49
GCAG,1892-10,-0.2548
GISTEMP,1892-10,-0.16
GCAG,1892-09,-0.2277
GISTEMP,1892-09,-0.24
GCAG,1892-08,-0.3407
GISTEMP,1892-08,-0.19
GCAG,1892-07,-0.3537
GISTEMP,1892-07,-0.27
GCAG,1892-06,-0.2890
GISTEMP,1892-06,-0.19
GCAG,1892-05,-0.3065
GISTEMP,1892-05,-0.24
GCAG,1892-04,-0.3154
GISTEMP,1892-04,-0.34
GCAG,1892-03,-0.3127
GISTEMP,1892-03,-0.36
GCAG,1892-02,-0.1335
GISTEMP,1892-02,-0.14
GCAG,1892-01,-0.2421
GISTEMP,1892-01,-0.25
GCAG,1891-12,-0.0512
GISTEMP,1891-12,-0.01
GCAG,1891-11,-0.4010
GISTEMP,1891-11,-0.37
GCAG,1891-10,-0.2922
GISTEMP,1891-10,-0.23
GCAG,1891-09,-0.1558
GISTEMP,1891-09,-0.13
GCAG,1891-08,-0.2330
GISTEMP,1891-08,-0.2
GCAG,1891-07,-0.2270
GISTEMP,1891-07,-0.21
GCAG,1891-06,-0.2067
GISTEMP,1891-06,-0.21
GCAG,1891-05,-0.1460
GISTEMP,1891-05,-0.16
GCAG,1891-04,-0.2568
GISTEMP,1891-04,-0.25
GCAG,1891-03,-0.2167
GISTEMP,1891-03,-0.14
GCAG,1891-02,-0.5274
GISTEMP,1891-02,-0.48
GCAG,1891-01,-0.3843
GISTEMP,1891-01,-0.45
GCAG,1890-12,-0.2344
GISTEMP,1890-12,-0.29
GCAG,1890-11,-0.3431
GISTEMP,1890-11,-0.36
GCAG,1890-10,-0.2977
GISTEMP,1890-10,-0.22
GCAG,1890-09,-0.3558
GISTEMP,1890-09,-0.35
GCAG,1890-08,-0.3311
GISTEMP,1890-08,-0.35
GCAG,1890-07,-0.2849
GISTEMP,1890-07,-0.28
GCAG,1890-06,-0.2925
GISTEMP,1890-06,-0.27
GCAG,1890-05,-0.3929
GISTEMP,1890-05,-0.47
GCAG,1890-04,-0.2620
GISTEMP,1890-04,-0.37
GCAG,1890-03,-0.3229
GISTEMP,1890-03,-0.41
GCAG,1890-02,-0.4326
GISTEMP,1890-02,-0.47
GCAG,1890-01,-0.3669
GISTEMP,1890-01,-0.47
GCAG,1889-12,-0.1887
GISTEMP,1889-12,-0.3
GCAG,1889-11,-0.2835
GISTEMP,1889-11,-0.3
GCAG,1889-10,-0.2019
GISTEMP,1889-10,-0.22
GCAG,1889-09,-0.2328
GISTEMP,1889-09,-0.18
GCAG,1889-08,-0.1473
GISTEMP,1889-08,-0.17
GCAG,1889-07,-0.1699
GISTEMP,1889-07,-0.04
GCAG,1889-06,-0.0809
GISTEMP,1889-06,-0.11
GCAG,1889-05,-0.0382
GISTEMP,1889-05,-0.02
GCAG,1889-04,0.0438
GISTEMP,1889-04,0.05
GCAG,1889-03,0.1151
GISTEMP,1889-03,0.05
GCAG,1889-02,0.0082
GISTEMP,1889-02,0.15
GCAG,1889-01,-0.1018
GISTEMP,1889-01,-0.19
GCAG,1888-12,0.0334
GISTEMP,1888-12,-0.12
GCAG,1888-11,-0.0507
GISTEMP,1888-11,0.0
GCAG,1888-10,0.0083
GISTEMP,1888-10,0.02
GCAG,1888-09,-0.0759
GISTEMP,1888-09,-0.07
GCAG,1888-08,-0.1702
GISTEMP,1888-08,-0.11
GCAG,1888-07,-0.1211
GISTEMP,1888-07,-0.08
GCAG,1888-06,-0.1040
GISTEMP,1888-06,-0.2
GCAG,1888-05,-0.1669
GISTEMP,1888-05,-0.22
GCAG,1888-04,-0.1816
GISTEMP,1888-04,-0.28
GCAG,1888-03,-0.3045
GISTEMP,1888-03,-0.47
GCAG,1888-02,-0.3363
GISTEMP,1888-02,-0.42
GCAG,1888-01,-0.3931
GISTEMP,1888-01,-0.42
GCAG,1887-12,-0.2073
GISTEMP,1887-12,-0.37
GCAG,1887-11,-0.1634
GISTEMP,1887-11,-0.25
GCAG,1887-10,-0.3050
GISTEMP,1887-10,-0.31
GCAG,1887-09,-0.1908
GISTEMP,1887-09,-0.19
GCAG,1887-08,-0.3218
GISTEMP,1887-08,-0.26
GCAG,1887-07,-0.2792
GISTEMP,1887-07,-0.18
GCAG,1887-06,-0.2256
GISTEMP,1887-06,-0.19
GCAG,1887-05,-0.2445
GISTEMP,1887-05,-0.32
GCAG,1887-04,-0.1991
GISTEMP,1887-04,-0.36
GCAG,1887-03,-0.1709
GISTEMP,1887-03,-0.3
GCAG,1887-02,-0.3845
GISTEMP,1887-02,-0.48
GCAG,1887-01,-0.3881
GISTEMP,1887-01,-0.65
GCAG,1886-12,-0.1722
GISTEMP,1886-12,-0.24
GCAG,1886-11,-0.2044
GISTEMP,1886-11,-0.25
GCAG,1886-10,-0.2365
GISTEMP,1886-10,-0.24
GCAG,1886-09,-0.2033
GISTEMP,1886-09,-0.18
GCAG,1886-08,-0.2256
GISTEMP,1886-08,-0.3
GCAG,1886-07,-0.1718
GISTEMP,1886-07,-0.15
GCAG,1886-06,-0.2559
GISTEMP,1886-06,-0.38
GCAG,1886-05,-0.1654
GISTEMP,1886-05,-0.26
GCAG,1886-04,-0.1776
GISTEMP,1886-04,-0.28
GCAG,1886-03,-0.2926
GISTEMP,1886-03,-0.4
GCAG,1886-02,-0.2880
GISTEMP,1886-02,-0.44
GCAG,1886-01,-0.1196
GISTEMP,1886-01,-0.41
GCAG,1885-12,0.0369
GISTEMP,1885-12,-0.04
GCAG,1885-11,-0.1375
GISTEMP,1885-11,-0.21
GCAG,1885-10,-0.1403
GISTEMP,1885-10,-0.18
GCAG,1885-09,-0.2074
GISTEMP,1885-09,-0.18
GCAG,1885-08,-0.2541
GISTEMP,1885-08,-0.26
GCAG,1885-07,-0.2501
GISTEMP,1885-07,-0.27
GCAG,1885-06,-0.3203
GISTEMP,1885-06,-0.49
GCAG,1885-05,-0.2910
GISTEMP,1885-05,-0.4
GCAG,1885-04,-0.2673
GISTEMP,1885-04,-0.43
GCAG,1885-03,-0.1575
GISTEMP,1885-03,-0.22
GCAG,1885-02,-0.2670
GISTEMP,1885-02,-0.28
GCAG,1885-01,-0.4387
GISTEMP,1885-01,-0.64
GCAG,1884-12,-0.1599
GISTEMP,1884-12,-0.28
GCAG,1884-11,-0.2818
GISTEMP,1884-11,-0.29
GCAG,1884-10,-0.1839
GISTEMP,1884-10,-0.21
GCAG,1884-09,-0.2379
GISTEMP,1884-09,-0.22
GCAG,1884-08,-0.2837
GISTEMP,1884-08,-0.25
GCAG,1884-07,-0.3143
GISTEMP,1884-07,-0.33
GCAG,1884-06,-0.2086
GISTEMP,1884-06,-0.37
GCAG,1884-05,-0.1447
GISTEMP,1884-05,-0.31
GCAG,1884-04,-0.1955
GISTEMP,1884-04,-0.35
GCAG,1884-03,-0.2207
GISTEMP,1884-03,-0.33
GCAG,1884-02,-0.1574
GISTEMP,1884-02,-0.11
GCAG,1884-01,-0.1985
GISTEMP,1884-01,-0.18
GCAG,1883-12,-0.0905
GISTEMP,1883-12,-0.17
GCAG,1883-11,-0.1813
GISTEMP,1883-11,-0.19
GCAG,1883-10,-0.1749
GISTEMP,1883-10,-0.11
GCAG,1883-09,-0.1582
GISTEMP,1883-09,-0.17
GCAG,1883-08,-0.0619
GISTEMP,1883-08,-0.12
GCAG,1883-07,-0.0955
GISTEMP,1883-07,-0.07
GCAG,1883-06,-0.0182
GISTEMP,1883-06,-0.11
GCAG,1883-05,-0.1560
GISTEMP,1883-05,-0.24
GCAG,1883-04,-0.1832
GISTEMP,1883-04,-0.23
GCAG,1883-03,-0.1405
GISTEMP,1883-03,-0.17
GCAG,1883-02,-0.3021
GISTEMP,1883-02,-0.41
GCAG,1883-01,-0.2784
GISTEMP,1883-01,-0.33
GCAG,1882-12,-0.1823
GISTEMP,1882-12,-0.24
GCAG,1882-11,-0.1383
GISTEMP,1882-11,-0.2
GCAG,1882-10,-0.2216
GISTEMP,1882-10,-0.22
GCAG,1882-09,-0.0041
GISTEMP,1882-09,0.0
GCAG,1882-08,-0.0174
GISTEMP,1882-08,0.04
GCAG,1882-07,-0.0772
GISTEMP,1882-07,-0.1
GCAG,1882-06,-0.1503
GISTEMP,1882-06,-0.24
GCAG,1882-05,-0.1606
GISTEMP,1882-05,-0.17
GCAG,1882-04,-0.1357
GISTEMP,1882-04,-0.19
GCAG,1882-03,0.0648
GISTEMP,1882-03,0.02
GCAG,1882-02,0.0279
GISTEMP,1882-02,0.09
GCAG,1882-01,0.0784
GISTEMP,1882-01,0.1
GCAG,1881-12,-0.0604
GISTEMP,1881-12,-0.15
GCAG,1881-11,-0.2318
GISTEMP,1881-11,-0.26
GCAG,1881-10,-0.2327
GISTEMP,1881-10,-0.19
GCAG,1881-09,-0.1940
GISTEMP,1881-09,-0.08
GCAG,1881-08,-0.0645
GISTEMP,1881-08,-0.02
GCAG,1881-07,-0.0471
GISTEMP,1881-07,-0.06
GCAG,1881-06,-0.1000
GISTEMP,1881-06,-0.28
GCAG,1881-05,0.0140
GISTEMP,1881-05,-0.04
GCAG,1881-04,0.0612
GISTEMP,1881-04,-0.03
GCAG,1881-03,0.0222
GISTEMP,1881-03,0.01
GCAG,1881-02,-0.0382
GISTEMP,1881-02,-0.14
GCAG,1881-01,-0.0294
GISTEMP,1881-01,-0.09
GCAG,1880-12,-0.0892
GISTEMP,1880-12,-0.21
GCAG,1880-11,-0.2755
GISTEMP,1880-11,-0.19
GCAG,1880-10,-0.1892
GISTEMP,1880-10,-0.16
GCAG,1880-09,-0.0932
GISTEMP,1880-09,-0.16
GCAG,1880-08,-0.0832
GISTEMP,1880-08,-0.07
GCAG,1880-07,-0.1605
GISTEMP,1880-07,-0.23
GCAG,1880-06,-0.1763
GISTEMP,1880-06,-0.28
GCAG,1880-05,-0.0866
GISTEMP,1880-05,-0.14
GCAG,1880-04,-0.0609
GISTEMP,1880-04,-0.27
GCAG,1880-03,-0.1440
GISTEMP,1880-03,-0.18
GCAG,1880-02,-0.1295
GISTEMP,1880-02,-0.21
GCAG,1880-01,-0.0090
GISTEMP,1880-01,-0.3
